nucleotide	aminoAcid	count (templates)	frequencyCount (%)	cdr3Length	vMaxResolved	vFamilyName	vGeneName	vGeneAllele	vFamilyTies	vGeneNameTies	vGeneAlleleTies	dMaxResolved	dFamilyName	dGeneName	dGeneAllele	dFamilyTies	dGeneNameTies	dGeneAlleleTies	jMaxResolved	jFamilyName	jGeneName	jGeneAllele	jFamilyTies	jGeneNameTies	jGeneAlleleTies	vDeletion	n1Insertion	d5Deletion	d3Deletion	n2Insertion	jDeletion	vIndex	n1Index	dIndex	n2Index	jIndex	estimatedNumberGenomes	sequenceStatus	cloneResolved	vOrphon	dOrphon	jOrphon	vFunction	dFunction	jFunction	fractionNucleated
TTGGAGCTGGGGGACTCAGCCCTGTACTTCTGTGCCAGCAGCCAAAAATGAGTACAAAGTCGGGCCAACGTCCTGACTTTCGGGGCC	CASSQK*VQSRANVLTF	12	7.40740741	51	TCRBV13-01*01	TCRBV13	TCRBV13-01	1				unresolved		unresolved		"TCRBD01,TCRBD02"	"TCRBD01-01,TCRBD02-01"		TCRBJ02-06*01	TCRBJ02	TCRBJ02-06	1				5	11	3	6	5	5	30	42	53	56	61	2	Stop	VDJ							0
CAGCCTGCAAAGCTTGAGGACTCGGCCGTGTATCTCTGTGCCAGCAGCAAGCAACAAAGTCGGGCCAACGTCCTGACTTTCGGGGCC	CASSKQQSRANVLTF	8	7.40740741	45	TCRBV11-02*02	TCRBV11	TCRBV11-02	2				unresolved		unresolved		"TCRBD01,TCRBD02"	"TCRBD01-01,TCRBD02-01"		TCRBJ02-06*01	TCRBJ02	TCRBJ02-06	1				5	5	3	6	5	5	36	48	53	56	61	2	In	VDJ							0
CATCAATTCCCTGGAGCTTGGTGACTCTGCTGTGTATTTCTGTGCCAGCAGCTCATTTCAATTCGCACTGAAGCTTTCTTTGGACAA		7	7.40740741	41	TCRBV03	TCRBV03	unresolved			"TCRBV03-01,TCRBV03-02"		unresolved		unresolved		"TCRBD01,TCRBD02"	"TCRBD01-01,TCRBD02-01"		TCRBJ01-01*01	TCRBJ01	TCRBJ01-01	1				5	1	4	6	10	4	40	52	53	55	65	2	Out	VDJ							0
CGGCCCAAAAGAACCCGACAGCTTTCTATCTCTGTGCCAGTAGTAATGCGGGCAAATCGAAAGACCTATGGCTACACCTTCGGTTCG		6	3.7037037	49	TCRBV19-01	TCRBV19	TCRBV19-01				"01,02"	TCRBD02-01	TCRBD02	TCRBD02-01				"01,02"	TCRBJ01-02*01	TCRBJ01	TCRBJ01-02	1				4	2	7	4	13	4	32	45	47	52	65	1	Out	VDJ							0
CGGAGTCAGGGGACACAGCACTGTATTTCTGTGCCAGCAGTCATAAGGCTACACATACATCATAATTCACCCCTCCACTTTGGGAAC		4	3.7037037	52	TCRBV21-01*01	TCRBV21	TCRBV21-01	1				unresolved		unresolved		"TCRBD01,TCRBD02"	"TCRBD01-01,TCRBD02-01"		TCRBJ01-06*01	TCRBJ01	TCRBJ01-06	1				6	10	3	6	8	5	29	40	50	53	61	1	Out	VDJ							0
TCCCTGGAGCTTGGTGACTCTGCTGTGTATTTCTGTGCCAGCAGCGCATGCCTCCATTTCGTGTTAGACGAGCAGTACTTCGGGCCG	CASSACLHFVLDEQYF	4	3.7037037	48	TCRBV03	TCRBV03	unresolved			"TCRBV03-01,TCRBV03-02"		TCRBD02-01	TCRBD02	TCRBD02-01				"01,02"	TCRBJ02-07*01	TCRBJ02	TCRBJ02-07	1				5	19	5	8	0	5	33	45	64	-1	67	1	In	VDJ							0
AGCTGGGGGACTCAGCCCTGTACTTCTGTGCCAGCAGGGGAGAATTGGATGCCTGAGTGAAAGACCTATGGCTACACCTTCGGTTCG		3	3.7037037	55	TCRBV13-01*01	TCRBV13	TCRBV13-01	1				TCRBD02-01*02	TCRBD02	TCRBD02-01	2				TCRBJ01-02*01	TCRBJ01	TCRBJ01-02	1				6	0	9	2	23	4	26	-1	37	42	65	1	Out	VDJ							0
CCTGGAGCTTGGTGACTCTGCTGTGTATTTCTGTGCCAGCAGCGTCATGTCCATTTTTGGCATCATCAGCCCCAGCATTTTGGTGAT		3	3.7037037	50	TCRBV03	TCRBV03	unresolved			"TCRBV03-01,TCRBV03-02"		TCRBD01-01*01	TCRBD01	TCRBD01-01	1				TCRBJ01-05*01	TCRBJ01	TCRBJ01-05	1				5	15	9	0	3	5	31	43	58	61	64	1	Out	VDJ							0
CATCAATTCCCTGGAGCTTGTGACTCTGCTGTGTATTTCTGTGCCAGCAGCATACGAGGTTCCGACAATGAGCAGTTCTTCGGGCCA	CASSIRGSDNEQFF	3	3.7037037	42	TCRBV03	TCRBV03	unresolved			"TCRBV03-01,TCRBV03-02"		TCRBD02-01*02	TCRBD02	TCRBD02-01	2				TCRBJ02-01*01	TCRBJ02	TCRBJ02-01	1				5	4	11	1	5	5	39	51	55	59	64	1	In	VDJ							0
GAGAGCAGCGCGACTGGTGCTGTGTATTTCTGTGCCAGCAGCCTTTAGTATCCCTTTGTCATGTAAGATACGCAGTATTTTGGCCCA	CASSL*YPFVM*DTQYF	2	3.7037037	51	TCRBV03	TCRBV03	unresolved			"TCRBV03-01,TCRBV03-02"		TCRBD02-01	TCRBD02	TCRBD02-01				"01,02"	TCRBJ02-03*01	TCRBJ02	TCRBJ02-03	1				4	2	5	8	17	5	30	43	45	48	65	1	Stop	VDJ							0
TGCAAAGCTTGAGGACTCGGCCGTGTATCTCTGTGCCAGCAGCTTGAGAAGCAACAAAGTCGGGCCAACGTCCTGACTTTCGGGGCC		2	3.7037037	50	TCRBV11-02*02	TCRBV11	TCRBV11-02	2				unresolved		unresolved		"TCRBD01,TCRBD02"	"TCRBD01-01,TCRBD02-01"		TCRBJ02-06*01	TCRBJ02	TCRBJ02-06	1				3	8	3	6	5	5	31	45	53	56	61	1	Out	VDJ							0
TCCCTGGAGCTTGGTGACTCTGCTGTGTATTTCTGTGCCAGCAGCGAGTTTAGTCCATTTCTTTCTCTGAGACCCAGTTTCGGGCCA	CASSEFSPFLSLRPSF	2	3.7037037	48	TCRBV03	TCRBV03	unresolved			"TCRBV03-01,TCRBV03-02"		unresolved		unresolved		"TCRBD01,TCRBD02"	"TCRBD01-01,TCRBD02-01"		TCRBJ02	TCRBJ02	unresolved			"TCRBJ02-01,TCRBJ02-05"		5	25	2	7	5	19	33	45	70	73	78	1	In	VDJ							0
CCCTGCAGCCAGAAGACTCAGCCCTGTATCTCTGCGCCAGCAGCCACTATAGCTAACCGAAAGACCTATGGCTACACCTTCGGTTCG		2	3.7037037	49	TCRBV04-01*01	TCRBV04	TCRBV04-01	1				TCRBD02-01	TCRBD02	TCRBD02-01				"01,02"	TCRBJ01-02*01	TCRBJ01	TCRBJ01-02	1				3	3	5	7	12	4	32	46	49	53	65	1	Out	VDJ							0
CCACAAAGCTGGAGGACTCAGCCATGTACTTCTGTGCCAGCAGTCACTACTTTTAGATGAAAGACCTATGGCTACACCTTCGGTTCG		2	3.7037037	49	TCRBV02-01*01	TCRBV02	TCRBV02-01	1				TCRBD02-01	TCRBD02	TCRBD02-01				"01,02"	TCRBJ01-02*01	TCRBJ01	TCRBJ01-02	1				5	1	3	9	16	4	32	44	45	49	65	1	Out	VDJ							0
TGCCAGCACCAACCAGACATCTGTGTATCTCTATGCCAGCAGTAGGAAGGATTGCGACGGATAGACCTATGGCTACACCTCGGTTCG		1	3.7037037	50	TCRBV26-01*01	TCRBV26	TCRBV26-01	1				unresolved		unresolved		"TCRBD01,TCRBD02"	"TCRBD01-01,TCRBD02-01"		TCRBJ01-02*01	TCRBJ01	TCRBJ01-02	1				5	1	1	8	32	18	31	43	44	47	79	1	Out	VDJ							0
AGCTGGGGGACTCAGCCCTGTACTTCTGTGCCAGCAGAAGCAGGCTTGAGGCATGAGTGAAAGACCTATGGCTACACCTTCGGTTCG		1	3.7037037	55	TCRBV13-01*01	TCRBV13	TCRBV13-01	1				unresolved		unresolved		"TCRBD01,TCRBD02"	"TCRBD01-01,TCRBD02-01"		TCRBJ01-02*01	TCRBJ01	TCRBJ01-02	1				6	3	4	4	21	4	26	37	40	44	65	1	Out	VDJ							0
ATTCCCTGGAGCTTGGTGACTCTGCTGTGTATTTCTGTGCCAGCAGCTCGGTAAATCTGGCATCATCAGCCCCAGCATTTTGGTGAT		1	3.7037037	46	TCRBV03	TCRBV03	unresolved			"TCRBV03-01,TCRBV03-02"		unresolved		unresolved		"TCRBD01,TCRBD02"	"TCRBD01-01,TCRBD02-01"		TCRBJ01-05*01	TCRBJ01	TCRBJ01-05	1				5	11	9	0	3	5	35	47	58	61	64	1	Out	VDJ							0
GAACCGGGAGACACGGCACTGTATCTCTGCGCCAGCAGTGTGACCAGGCCGCAACAAAGTCGGGCCAACGTCCTGACTTTCGGGGCC	CASSVTRPQQSRANVLTF	1	3.7037037	54	TCRBV23-01*01	TCRBV23	TCRBV23-01	1				TCRBD01-01*01	TCRBD01	TCRBD01-01	1				TCRBJ02-06*01	TCRBJ02	TCRBJ02-06	1				5	5	4	4	13	5	27	39	44	48	61	1	In	VDJ							0
ACATCAATTCCCTGGAGCTTGGTGACTCTGCTGTGTATTTCTGTGCCAGCAGCGCTAGCCTTGTTAGACGAGCAGTACTTCGGGCCG		1	3.7037037	40	TCRBV03	TCRBV03	unresolved			"TCRBV03-01,TCRBV03-02"		TCRBD02-01	TCRBD02	TCRBD02-01				"01,02"	TCRBJ02-07*01	TCRBJ02	TCRBJ02-07	1				5	1	4	7	8	5	41	53	54	59	67	1	Out	VDJ							0
CCCTGGAGCTTGGTGACTCTGCTGTGTATTTCTGTGCCAGCAGCGCTATAGGTCATTTCAATTCGCACTGAAGCTTTCTTTGGACAA		1	3.7037037	49	TCRBV03	TCRBV03	unresolved			"TCRBV03-01,TCRBV03-02"		unresolved		unresolved		"TCRBD01,TCRBD02"	"TCRBD01-01,TCRBD02-01"		TCRBJ01-01*01	TCRBJ01	TCRBJ01-01	1				5	5	5	4	13	4	32	44	49	52	65	1	Out	VDJ							0
CTCAACCCTGGAGTCTACTAGCACCAGCCAGACCTCTGTACCTCTGTGGCAGTGAGCCGAAAGACCTATGGCTACACCTTCGGTTCG		1	3.7037037	35	TCRBV26	TCRBV26	unresolved			"TCRBV26-or09_02,TCRBV26-01"		unresolved		unresolved		"TCRBD01,TCRBD02"	"TCRBD01-01,TCRBD02-01"		TCRBJ01-02*01	TCRBJ01	TCRBJ01-02	1				30	29	2	7	0	4	46	33	62	-1	65	1	Out	VDJ							0
AGCCTGCAGAACTGGAGGATTCTGGAGTTTATTTCTGTGCCAGCAGCCGGGAAATCTGGAAAGACCTATGGCTACACCTTCGGTTCG		1	3.7037037	46	TCRBV14-01*01	TCRBV14	TCRBV14-01	1				unresolved		unresolved		"TCRBD01,TCRBD02"	"TCRBD01-01,TCRBD02-01"		TCRBJ01-02*01	TCRBJ01	TCRBJ01-02	1				4	0	0	8	13	4	35	-1	48	52	65	1	Out	VDJ							0
GAGCTGGGGGACTCAGCCCTGTACTTCTGTGCCAGCAGATGACCCACGACGCCTGAGTGAAAGACCTATGGCTACACCTTCGGTTCG	CASR*PTTPE*KTYGYTF	1	3.7037037	54	TCRBV13-01*01	TCRBV13	TCRBV13-01	1				unresolved		unresolved		"TCRBD01,TCRBD02"	"TCRBD01-01,TCRBD02-01"		TCRBJ01-02*01	TCRBJ01	TCRBJ01-02	1				6	2	2	7	22	4	27	38	40	43	65	1	Stop	VDJ							0
CGCCCTGCAGCCAGAAGACTCAGCCCTGTATCTCTGCGCCAGCAGCCACGAGAGAACCGAAAGACCTATGGCTACACCTTCGGTTCG		1	3.7037037	47	TCRBV04-01*01	TCRBV04	TCRBV04-01	1				unresolved		unresolved		"TCRBD01,TCRBD02"	"TCRBD01-01,TCRBD02-01"		TCRBJ01-02*01	TCRBJ01	TCRBJ01-02	1				3	14	2	7	0	4	34	48	62	-1	65	1	Out	VDJ							0
CTGATTCTGGAGTCCGCCAGCACCAACCAGACATCTATGTACCTCTGTGCCAGCAGCCGACAGGGAAACACCATATATTTTGGAGAG	CASSRQGNTIYF	1	0.00254388	36	TCRBV28-01*01	TCRBV28	TCRBV28-01	1				TCRBD01-01*01	TCRBD01	TCRBD01-01	1				TCRBJ01-03*01	TCRBJ01	TCRBJ01-03	1				6	2	2	5	0	4	45	56	58	-1	63	1	In	VDJ							0
AGTGCCCATCCTGAAGACAGCAGCTTCTACATCTGCAGTGCTAGAGGAACGGACAGGGACTCGGGAAACACCATATATTTTGGAGAG	CSARGTDRDSGNTIYF	1	0.00254388	48	TCRBV20	TCRBV20	unresolved			"TCRBV20-01,TCRBV20-or09_02"		TCRBD01-01*01	TCRBD01	TCRBD01-01	1				TCRBJ01-03*01	TCRBJ01	TCRBJ01-03	1				1	4	1	3	5	4	33	46	50	58	63	1	In	VDJ							0
AAGATCCAGCGCACAGAGCGGGGGGACTCAGCCGTGTATCTCTGTGCCAGCAGCTCCAACCTGGGAAACACCATATATTTTGGAGAG	CASSSNLGNTIYF	1	0.00254388	39	TCRBV07-03*01	TCRBV07	TCRBV07-03	1				unresolved		unresolved		"TCRBD01,TCRBD02"	"TCRBD01-01,TCRBD02-01"		TCRBJ01-03*01	TCRBJ01	TCRBJ01-03	1				4	3	3	7	3	4	42	55	58	60	63	1	In	VDJ							0
ACCTTGGAGCTGGGGGACTCGGCCCTTTATCTTTGCGCCAGCAGCTTGTCGGGGGCTTCGAATGGAAACACCATATATTTTGGAGAG	CASSLSGASNGNTIYF	1	0.00254388	48	TCRBV05-01*01	TCRBV05	TCRBV05-01	1				unresolved		unresolved		"TCRBD01,TCRBD02"	"TCRBD01-01,TCRBD02-01"		TCRBJ01-03*01	TCRBJ01	TCRBJ01-03	1				1	2	6	0	6	3	33	48	50	56	62	1	In	VDJ							0
ACCTTGGAGCTGGGGGACTCGGCCCTTTATCTTTGCGCCAGCAGCTTGGCCGGGGGCTCTTATGGAAACACCATATATTTTGGAGAG	CASSLAGGSYGNTIYF	1	0.00254388	48	TCRBV05-01*01	TCRBV05	TCRBV05-01	1				unresolved		unresolved		"TCRBD01,TCRBD02"	"TCRBD01-01,TCRBD02-01"		TCRBJ01-03*01	TCRBJ01	TCRBJ01-03	1				0	2	6	0	5	3	33	49	51	57	62	1	In	VDJ							0
CTGGAGCTTGGTGACTCTGCTGTGTATTTCTGTGCCAGCAGCCAAGCGGGGGGAGCCCTAACTGGAAACACCATATATTTTGGAGAG	CASSQAGGALTGNTIYF	1	0.00254388	51	TCRBV03	TCRBV03	unresolved			"TCRBV03-01,TCRBV03-02"		TCRBD02-01*01	TCRBD02	TCRBD02-01	1				TCRBJ01-03*01	TCRBJ01	TCRBJ01-03	1				1	0	8	1	8	2	30	-1	46	53	61	1	In	VDJ							0
ACCTTGGAGCTGGGGGACTCGGCCCTTTATCTTTGCGCCAGCAGACCCGGGGGGGGAGTAGCTGGAAACACCATATATTTTGGAGAG	CASRPGGGVAGNTIYF	1	0.00254388	48	TCRBV05-01*01	TCRBV05	TCRBV05-01	1				TCRBD02-01*01	TCRBD02	TCRBD02-01	1				TCRBJ01-03*01	TCRBJ01	TCRBJ01-03	1				5	3	8	0	6	2	33	44	47	55	61	1	In	VDJ							0
ACCAGCTCCCAGACATCTGTGTACTTCTGTGCCATCAGTGACCCTCTGACCCCGGACAGGGCTGGAAACACCATATATTTTGGAGAG	CAISDPLTPDRAGNTIYF	1	0.00254388	54	TCRBV10-03*01	TCRBV10	TCRBV10-03	1				TCRBD01-01*01	TCRBD01	TCRBD01-01	1				TCRBJ01-03*01	TCRBJ01	TCRBJ01-03	1				3	12	1	3	0	2	27	41	53	-1	61	1	In	VDJ							0
GTCAGGGGACACAGCACTGTATTTCTGTGCCAGCAGCAAAGAACCCCCATCTCGAGGGTATCTGGAAACACCATATATTTTGGAGAG		1	0.00254388	56	TCRBV21-01*01	TCRBV21	TCRBV21-01	1				TCRBD02-01*02	TCRBD02	TCRBD02-01	2				TCRBJ01-03*01	TCRBJ01	TCRBJ01-03	1				1	12	11	0	2	1	25	41	53	58	60	1	Out	VDJ							0
CTGACGATCCAGCGCACAGAGCAGCGGGACTCGGCCATGTATCGCTGTGCCAGCAGCAACTCTGGAAACACCATATATTTTGGAGAG	CASSNSGNTIYF	1	0.00254388	36	TCRBV07-06*01	TCRBV07	TCRBV07-06	1				unresolved		unresolved					TCRBJ01-03*01	TCRBJ01	TCRBJ01-03	1				5	0	0	0	2	0	45	-1	-1	57	59	1	In	VJ							0
CTCAGGCTGCTGTCGGCTGCTCCCTCCCAGACATCTGTGTACTTCTGTGCCAGCATCAACTCTGGAAACACCATATATTTTGGAGAG	CASINSGNTIYF	1	0.00254388	36	TCRBV06-05*01	TCRBV06	TCRBV06-05	1				TCRBD01-01*01	TCRBD01	TCRBD01-01	1				TCRBJ01-03*01	TCRBJ01	TCRBJ01-03	1				7	1	4	6	1	0	45	55	56	58	59	1	In	VDJ							0
AAGATCCAGCCCTCAGAACCCAGGGACTCAGCTGTGTACTTCTGTGCCAGCAGTTTATACTCTGGAAACACCATATATTTTGGAGAG	CASSLYSGNTIYF	1	0.00254388	39	TCRBV12	TCRBV12	unresolved			"TCRBV12-03,TCRBV12-04"		TCRBD02-01	TCRBD02	TCRBD02-01				"01,02"	TCRBJ01-03*01	TCRBJ01	TCRBJ01-03	1				2	0	5	9	0	0	42	-1	57	-1	59	1	In	VDJ							0
GAGTCGCCCAGCCCCAACCAGACCTCTCTGTACTTCTGTGCCAGCAGTTACAGCCCTTCCTCTGGAAACACCATATATTTTGGAGAG	CASSYSPSSGNTIYF	1	0.00254388	45	TCRBV27-01*01	TCRBV27	TCRBV27-01	1				TCRBD01-01*01	TCRBD01	TCRBD01-01	1				TCRBJ01-03*01	TCRBJ01	TCRBJ01-03	1				4	0	3	5	6	0	36	-1	49	53	59	1	In	VDJ							0
CGCACACAGCAGGAGGACTCCGCCGTGTATCTCTGTGCCAGCAGCCCAGCCCCGGGCAGCTCTGGAAACACCATATATTTTGGAGAG	CASSPAPGSSGNTIYF	1	0.00254388	48	TCRBV07-08*01	TCRBV07	TCRBV07-08	1				unresolved		unresolved		"TCRBD01,TCRBD02"	"TCRBD01-01,TCRBD02-01"		TCRBJ01-03*01	TCRBJ01	TCRBJ01-03	1				5	8	8	0	2	0	33	45	53	57	59	1	In	VDJ							0
ACGGAGTCAGGGGACACAGCACTGTATTTCTGTGCCAGCAGCAAAGCGGACAGATAGAGCTCTGGAAACACCATATATTTTGGAGAG	CASSKADR*SSGNTIYF	1	0.00254388	51	TCRBV21-01*01	TCRBV21	TCRBV21-01	1				TCRBD01-01*01	TCRBD01	TCRBD01-01	1				TCRBJ01-03*01	TCRBJ01	TCRBJ01-03	1				0	0	1	5	6	0	30	-1	47	53	59	1	Stop	VDJ							0
CACATCAATTCCCTGGAGCTTGGTGACTCTGCTGTGTATTTCTGTGCCAGCAGACTGAGCTCTGGAAACACCATATATTTTGGAGAG	CASRLSSGNTIYF	1	0.00254388	39	TCRBV03	TCRBV03	unresolved			"TCRBV03-01,TCRBV03-02"		TCRBD02-01	TCRBD02	TCRBD02-01				"01,02"	TCRBJ01-03*01	TCRBJ01	TCRBJ01-03	1				6	0	3	10	3	0	42	-1	53	56	59	1	In	VDJ							0
GTGAGCACCTTGGAGCTGGGGGACTCGGCCCTTTATCTTTGCGCCAGCAGCTTGAGGGGCTCTGGAAACACCATATATTTTGGAGAG	CASSLRGSGNTIYF	1	0.00254388	42	TCRBV05-01*01	TCRBV05	TCRBV05-01	1				TCRBD01-01*01	TCRBD01	TCRBD01-01	1				TCRBJ01-03*01	TCRBJ01	TCRBJ01-03	1				1	0	5	2	0	0	39	-1	54	-1	59	1	In	VDJ							0
TCGGCTGCTCCCTCCCAGACATCTGTGTACTTCTGTGCCAGCAGTTACTCGCCCTTGGGCTCTGGAAACACCATATATTTTGGAGAG	CASSYSPLGSGNTIYF	1	0.00254388	48	TCRBV06-05*01	TCRBV06	TCRBV06-05	1				unresolved		unresolved		"TCRBD01,TCRBD02"	"TCRBD01-01,TCRBD02-01"		TCRBJ01-03*01	TCRBJ01	TCRBJ01-03	1				0	6	0	9	0	0	33	50	56	-1	59	1	In	VDJ							0
ATCCAGCGCACACAGCAGGAGGACTCGGCCGTGTATCTCTGTGCCAGCAGCCCGGGACTCTCTGGAAACACCATATATTTTGGAGAG	CASSPGLSGNTIYF	1	0.00254388	42	TCRBV07-02*01	TCRBV07	TCRBV07-02	1				TCRBD02-01	TCRBD02	TCRBD02-01				"01,02"	TCRBJ01-03*01	TCRBJ01	TCRBJ01-03	1				5	2	0	10	0	0	39	51	53	-1	59	1	In	VDJ							0
TCTCTGGAGCTGGGGGACTCAGCTTTGTATTTCTGTGCCAGCAGCGCTTGGGGAGGGAGGTCTGGAAACACCATATATTTTGGAGAG	CASSAWGGRSGNTIYF	1	0.00254388	48	TCRBV09-01	TCRBV09	TCRBV09-01				"01,02"	TCRBD02-01*02	TCRBD02	TCRBD02-01	2				TCRBJ01-03*01	TCRBJ01	TCRBJ01-03	1				3	4	9	0	3	1	33	46	50	57	60	1	In	VDJ							0
CAGCGCACACAGCAGGAGGACTCCGCCGTGTATCTCTGTGCCAGCAGCCCCCAGACAGGGTCTGGAAACACCATATATTTTGGAGAG	CASSPQTGSGNTIYF	1	0.00254388	45	TCRBV07-08*01	TCRBV07	TCRBV07-08	1				TCRBD01-01*01	TCRBD01	TCRBD01-01	1				TCRBJ01-03*01	TCRBJ01	TCRBJ01-03	1				5	5	2	3	0	1	36	48	53	-1	60	1	In	VDJ							0
GCTGCTCCCTCCCAGACATCTGTGTACTTCTGTGCCAGCAGTGCTGAGAGAGGGGCGCATTCTGGAAACACCATATATTTTGGAGAG	CASSAERGAHSGNTIYF	1	0.00254388	51	TCRBV06-01*01	TCRBV06	TCRBV06-01	1				unresolved		unresolved		"TCRBD01,TCRBD02"	"TCRBD01-01,TCRBD02-01"		TCRBJ01-03*01	TCRBJ01	TCRBJ01-03	1				4	7	5	2	5	1	30	43	50	55	60	1	In	VDJ							0
GACTCAGCCGCGTATCTCCGTGCCAGCAGCTTATCTATAATACTGCCTGTACGGGGAACTTCTGGAAACACCATATATTTTGGAGAG	RASSLSIILPVRGTSGNTIYF	1	0.00254388	63	TCRBV07-03*03	TCRBV07	TCRBV07-03	3				TCRBD02-01*01	TCRBD02	TCRBD02-01	1				TCRBJ01-03*01	TCRBJ01	TCRBJ01-03	1				2	18	8	3	4	1	18	33	51	56	60	1	In	VDJ							0
ACCAGTGCCCATCCTGAAGACAGCAGCTTCTACATCTGCAGTGCTAGGGACGGGGGGGCGGGTGGAAACACCATATATTTTGGAGAG	CSARDGGAGGNTIYF	1	0.00254388	45	TCRBV20	TCRBV20	unresolved			"TCRBV20-01,TCRBV20-or09_02"		TCRBD02-01*01	TCRBD02	TCRBD02-01	1				TCRBJ01-03*01	TCRBJ01	TCRBJ01-03	1				3	3	8	0	4	3	36	47	50	58	62	1	In	VDJ							0
CCCTCAGAACCCAGGGACTCAGCTGTGTATTTTTGTGCTAGTGGTTTGGCCCTCTCGGCGAAGGGACAGGGTAAATACTTCGGGCCG	CASGLALSAKGQGKYF	1	0.00254388	48	TCRBV12-05*01	TCRBV12	TCRBV12-05	1				TCRBD01-01*01	TCRBD01	TCRBD01-01	1				TCRBJ02-07*01	TCRBJ02	TCRBJ02-07	1				1	13	0	3	4	13	33	49	62	71	75	1	In	VDJ							0
CCAGCCCCAACCAGACCTCTCTGTACTTCTGTGCCAGCAGCGTCTAGGGATTGGACTAGCGGTCTCCAACAGCAGTACTTCGGGCCG		1	0.00254388	52	TCRBV27-01*01	TCRBV27	TCRBV27-01	1				TCRBD02-01	TCRBD02	TCRBD02-01				"01,02"	TCRBJ02-07*01	TCRBJ02	TCRBJ02-07	1				6	12	1	5	8	8	29	40	52	62	70	1	Out	VDJ							0
CAGCCCTCAGAACCCAGGGACTCAGCTGTGTATTTTTGTGCTAGTGGTTTGTTGCCGGGGGGGCGAAACGAGCAGTACTTCGGGCCG	CASGLLPGGRNEQYF	1	0.00254388	45	TCRBV12-05*01	TCRBV12	TCRBV12-05	1				TCRBD02-01*01	TCRBD02	TCRBD02-01	1				TCRBJ02-07*01	TCRBJ02	TCRBJ02-07	1				2	4	8	0	4	5	36	51	55	63	67	1	In	VDJ							0
ATCCAGCGCACACAGCAGGAGGACTCGGCCGTGTATCTCTGTGCCAGCAGCTTAACGGACAGGGGAAACGAGCAGTACTTCGGGCCG	CASSLTDRGNEQYF	1	0.00254388	42	TCRBV07-02*01	TCRBV07	TCRBV07-02	1				TCRBD01-01*01	TCRBD01	TCRBD01-01	1				TCRBJ02-07*01	TCRBJ02	TCRBJ02-07	1				2	2	1	2	2	5	39	54	56	65	67	1	In	VDJ							0
CTGAGGATCCAGCAGGTAGTGCGAGGAGATTCGGCAGCTTATTTCTGTGCCAGCTCACCGAATGGAAACGAGCAGTACTTCGGGCCG	CASSPNGNEQYF	1	0.00254388	36	TCRBV18-01*01	TCRBV18	TCRBV18-01	1				unresolved		unresolved		"TCRBD01,TCRBD02"	"TCRBD01-01,TCRBD02-01"		TCRBJ02-07*01	TCRBJ02	TCRBJ02-07	1				3	4	1	8	1	5	45	59	63	66	67	1	In	VDJ							0
ATCCGCTCACCAGGCCTGGGGGACGCAGCCATGTACCTGTGTGCCACCCGCCGGGACAGGGGATCCAACGAGCAGTACTTCGGGCCG	CATRRDRGSNEQYF	1	0.00254388	42	TCRBV15-01*01	TCRBV15	TCRBV15-01	1				TCRBD01-01*01	TCRBD01	TCRBD01-01	1				TCRBJ02-07*01	TCRBJ02	TCRBJ02-07	1				8	4	0	2	5	5	39	48	52	62	67	1	In	VDJ							0
ACTCTGACAGTGACCAGTGCCCATCCTGAAGACAGCAGCTTCTACATCTGCAGTGCTAGGACAGGGCACGAGCAGTACTTCGGGCCG	CSARTGHEQYF	1	0.00254388	33	TCRBV20-01*01	TCRBV20	TCRBV20-01	1				TCRBD01-01*01	TCRBD01	TCRBD01-01	1				TCRBJ02-07*01	TCRBJ02	TCRBJ02-07	1				3	0	2	3	1	5	48	-1	59	66	67	1	In	VDJ							0
ACCTTGGAGATCCAGCGCACAGAGCAGGGGGACTCGGCCATGTATCTCTGTGCCAGCAGCTCCCGGGACGAGCAGTACTTCGGGCCG	CASSSRDEQYF	1	0.00254388	33	TCRBV07-09	TCRBV07	TCRBV07-09				"01,03"	TCRBD02-01	TCRBD02	TCRBD02-01				"01,02"	TCRBJ02-07*01	TCRBJ02	TCRBJ02-07	1				4	2	8	4	0	5	48	61	63	-1	67	1	In	VDJ							0
GAGTCCGCCAGCACCAACCAGACATCTATGTACCTCTGTGCCAGCAGCCCGACCGGGACGGCTCGATACGAGCAGTACTTCGGGCCG	CASSPTGTARYEQYF	1	0.00254388	45	TCRBV28-01*01	TCRBV28	TCRBV28-01	1				unresolved		unresolved		"TCRBD01,TCRBD02"	"TCRBD01-01,TCRBD02-01"		TCRBJ02-07*01	TCRBJ02	TCRBJ02-07	1				6	7	0	7	7	4	36	47	54	59	66	1	In	VDJ							0
CTGAAGATCCAGCCCTCAGAACCCAGGGACTCAGCTGTGTACTTCTGTGCCAGCAGTTTAGGACACTACGAGCAGTACTTCGGGCCG	CASSLGHYEQYF	1	0.00254388	36	TCRBV12	TCRBV12	unresolved			"TCRBV12-03,TCRBV12-04"		TCRBD01-01*01	TCRBD01	TCRBD01-01	1				TCRBJ02-07*01	TCRBJ02	TCRBJ02-07	1				1	0	2	6	0	3	45	-1	61	-1	65	1	In	VDJ							0
TCCACGGAGTCAGGGGACACAGCACTGTATTTCTGTGCCAGCAGCAAATGGGCTAGCGGGGAGGACTACGAGCAGTACTTCGGGCCG	CASSKWASGEDYEQYF	1	0.00254388	48	TCRBV21-01*01	TCRBV21	TCRBV21-01	1				TCRBD02-01*01	TCRBD02	TCRBD02-01	1				TCRBJ02-07*01	TCRBJ02	TCRBJ02-07	1				2	4	4	3	4	3	33	48	52	61	65	1	In	VDJ							0
ACTCTGACAGTGACCAGTGCCCATCCTGAAGACAGCAGCTTCTACATCTGCAGCCTGACTAGAACCTACGAGCAGTACTTCGGGCCG	CSLTRTYEQYF	1	0.00254388	33	TCRBV20-01*01	TCRBV20	TCRBV20-01	1				TCRBD02-01	TCRBD02	TCRBD02-01				"01,02"	TCRBJ02-07*01	TCRBJ02	TCRBJ02-07	1				9	3	2	8	2	2	48	53	56	62	64	1	In	VDJ							0
TGGAGTTGGCTGCTCCCTCCCAGACATCTGTGTACTTCTGTGCCAGCTATTTGACAGGCGAATACCTACGAGCAGTACTTCGGGCCG		1	0.00254388	43	TCRBV06-06	TCRBV06	TCRBV06-06				"01,02"	TCRBD01-01*01	TCRBD01	TCRBD01-01	1				TCRBJ02-07*01	TCRBJ02	TCRBJ02-07	1				8	5	2	4	6	2	38	47	52	58	64	1	Out	VDJ							0
ACATCGGCCCAAAAGAACCCGACAGCTTTCTATCTCTGTGCCAGTAGTATAGCCCTTGGGGCTACCTACGAGCAGTACTTCGGGCCG	CASSIALGATYEQYF	1	0.00254388	45	TCRBV19-01	TCRBV19	TCRBV19-01				"01,02"	TCRBD01-01*01	TCRBD01	TCRBD01-01	1				TCRBJ02-07*01	TCRBJ02	TCRBJ02-07	1				1	5	7	0	2	2	36	52	57	62	64	1	In	VDJ							0
CAGCGCACAGAGCAGGGGGACTCGGCCATGTATCTCTGTGCCAGCAGCTTAACGACAGGACTTACCTACGAGCAGTACTTCGGGCCG	CASSLTTGLTYEQYF	1	0.00254388	45	TCRBV07-09	TCRBV07	TCRBV07-09				"01,03"	TCRBD01-01*01	TCRBD01	TCRBD01-01	1				TCRBJ02-07*01	TCRBJ02	TCRBJ02-07	1				2	2	2	4	5	2	36	51	53	59	64	1	In	VDJ							0
GAACGCCTTGTTGCTGGGGGACTCGGCCCTCTATCTCTGTGCCAGCAGCTTCACCGGGGTCACCCCTACGAGCAGTACTTCGGGCCG		1	0.00254388	44	TCRBV05-06*01	TCRBV05	TCRBV05-06	1				TCRBD02-01*01	TCRBD02	TCRBD02-01	1				TCRBJ02-07*01	TCRBJ02	TCRBJ02-07	1				2	3	8	3	5	2	37	51	54	59	64	1	Out	VDJ							0
CTCACTGTGACATCGGCCCAAAAGAACCCGACAGCTTTCTATCTCTGTGCCAGTAGTTCCCGCCCCTACGAGCAGTACTTCGGGCCG	CASSSRPYEQYF	1	0.00254388	36	TCRBV19-01	TCRBV19	TCRBV19-01				"01,02"	unresolved		unresolved		"TCRBD01,TCRBD02"	"TCRBD01-01,TCRBD02-01"		TCRBJ02-07*01	TCRBJ02	TCRBJ02-07	1				5	4	10	0	1	2	45	57	61	63	64	1	In	VDJ							0
GTGACCAGTGCCCATCCTGAAGACAGCAGCTTCTACATCTGCAGTGCTAGAGATCCGAGACCAGCCTACGAGCAGTACTTCGGGCCG	CSARDPRPAYEQYF	1	0.00254388	42	TCRBV20	TCRBV20	unresolved			"TCRBV20-01,TCRBV20-or09_02"		unresolved		unresolved		"TCRBD01,TCRBD02"	"TCRBD01-01,TCRBD02-01"		TCRBJ02-07*01	TCRBJ02	TCRBJ02-07	1				0	5	2	7	3	2	39	53	58	61	64	1	In	VDJ							0
CAGCGCACAGAGCAGGGGGACTCGGCCATGTATCTCTGTGCCAGCAGCTTCCGCGGAGAATTCGCCTACGAGCAGTACTTCGGGCCG	CASSFRGEFAYEQYF	1	0.00254388	45	TCRBV07-09	TCRBV07	TCRBV07-09				"01,03"	TCRBD02-01	TCRBD02	TCRBD02-01				"01,02"	TCRBJ02-07*01	TCRBJ02	TCRBJ02-07	1				3	2	7	5	8	2	36	50	52	56	64	1	In	VDJ							0
ATCCAGCGCACACAGCAGGAGGACTCCGCCGTGTATCTCTGTGCCAGCAGCACGACTAGCGGGGCCTACGAGCAGTACTTCGGGCCG	CASSTTSGAYEQYF	1	0.00254388	42	TCRBV07-08*01	TCRBV07	TCRBV07-08	1				TCRBD02-01*01	TCRBD02	TCRBD02-01	1				TCRBJ02-07*01	TCRBJ02	TCRBJ02-07	1				5	2	2	3	0	2	39	51	53	-1	64	1	In	VDJ							0
TCGCCCAGCCCCAACCAGACCTCTCTGTACTTCTGTGCCAGCAGTCCCCTACCGGGACAGGGGGCCTACGAGCAGTACTTCGGGCCG	CASSPLPGQGAYEQYF	1	0.00254388	48	TCRBV27-01*01	TCRBV27	TCRBV27-01	1				TCRBD01-01*01	TCRBD01	TCRBD01-01	1				TCRBJ02-07*01	TCRBJ02	TCRBJ02-07	1				5	8	0	1	0	2	33	45	53	-1	64	1	In	VDJ							0
ATCCAGCGCACACAGCAGGAGGACTCGGCCGTGTATCTCTGTGCCAGCAGCCTGAGACAGGTTGCCTACGAGCAGTACTTCGGGCCG	CASSLRQVAYEQYF	1	0.00254388	42	TCRBV07-02*01	TCRBV07	TCRBV07-02	1				TCRBD01-01*01	TCRBD01	TCRBD01-01	1				TCRBJ02-07*01	TCRBJ02	TCRBJ02-07	1				5	4	2	4	3	2	39	51	55	61	64	1	In	VDJ							0
ACGGAGTCAGGGGACACAGCACTGTATTTCTGTGCCAGCAGCAAAGGGCCAGGGCGCATACCATCCTACGAGCAGTACTTCGGGCCG	CASSKGPGRIPSYEQYF	1	0.00254388	51	TCRBV21-01*01	TCRBV21	TCRBV21-01	1				TCRBD01-01*01	TCRBD01	TCRBD01-01	1				TCRBJ02-07*01	TCRBJ02	TCRBJ02-07	1				1	3	4	3	9	1	30	46	49	54	63	1	In	VDJ							0
ACCAGGCCTGGGGGACGCAGCCATGTACCTGTGTGCCACCAGCGGAACAGCGACAGGTTCAACTCCTACGAGCAGTACTTCGGGCCG		1	0.00254388	50	TCRBV15-01*01	TCRBV15	TCRBV15-01	1				TCRBD01-01*01	TCRBD01	TCRBD01-01	1				TCRBJ02-07*01	TCRBJ02	TCRBJ02-07	1				5	8	2	4	5	0	31	43	51	57	62	1	Out	VDJ							0
GTGCCCATCCTGAAGACAGCAGCTTCTACATCTGCAGTGCCCCAGCGGGACTAGCGGGGGCACTCCTACGAGCAGTACTTCGGGCCG		1	0.00254388	49	TCRBV20	TCRBV20	unresolved			"TCRBV20-01,TCRBV20-or09_02"		TCRBD02-01*01	TCRBD02	TCRBD02-01	1				TCRBJ02-07*01	TCRBJ02	TCRBJ02-07	1				6	6	0	2	2	0	32	40	46	60	62	1	Out	VDJ							0
TTGTTGCTGGGGGACTCGGCCCTGTATCTCTGTGCCAGCAGCTGGACTCAGGGATTTGGTGGCTCCTACGAGCAGTACTTCGGGCCG	CASSWTQGFGGSYEQYF	1	0.00254388	51	TCRBV05-05*01	TCRBV05	TCRBV05-05	1				unresolved		unresolved		"TCRBD01,TCRBD02"	"TCRBD01-01,TCRBD02-01"		TCRBJ02-07*01	TCRBJ02	TCRBJ02-07	1				3	5	4	3	9	0	30	43	48	53	62	1	In	VDJ							0
TCCTTGGAGCTGGGGGACTCAGCCCTGTACTTCTGTGCCAGCAGCTGGGAGCAAAATGTTGGCTCCTACGAGCAGTACTTCGGGCCG	CASSWEQNVGSYEQYF	1	0.00254388	48	TCRBV13-01*01	TCRBV13	TCRBV13-01	1				TCRBD02-01*02	TCRBD02	TCRBD02-01	2				TCRBJ02-07*01	TCRBJ02	TCRBJ02-07	1				4	0	9	2	11	0	33	-1	46	51	62	1	In	VDJ							0
ACAGTGACCAGTGCCCATCCTGAAGACAGCAGCTTCTACATCTGCAGTGCTAGCGGGGGACCGTCCTACGAGCAGTACTTCGGGCCG	CSASGGPSYEQYF	1	0.00254388	39	TCRBV20	TCRBV20	unresolved			"TCRBV20-01,TCRBV20-or09_02"		TCRBD02-01*01	TCRBD02	TCRBD02-01	1				TCRBJ02-07*01	TCRBJ02	TCRBJ02-07	1				3	0	8	2	4	1	42	-1	53	59	63	1	In	VDJ							0
CCCAGGGACTCAGCTGTGTACTTCTGTGCCAGCAGCTCATAGACAGTTTAGTTAACTTTTAGGTCCTACGAGCAGTACTTCGGGCCG	CASSS*TV*LTFRSYEQYF	1	0.00254388	57	TCRBV12	TCRBV12	unresolved			"TCRBV12-03,TCRBV12-04"		TCRBD01-01*01	TCRBD01	TCRBD01-01	1				TCRBJ02-07*01	TCRBJ02	TCRBJ02-07	1				6	6	2	5	17	1	24	35	41	46	63	1	Stop	VDJ							0
CTTGACATCCGCTCACCAGGCCTGGGGGACGCAGCCATGTACCTGTGTGCCACCAGGGAGGGGTCCTACGAGCAGTACTTCGGGCCG	CATREGSYEQYF	1	0.00254388	36	TCRBV15-01*01	TCRBV15	TCRBV15-01	1				TCRBD02-01*02	TCRBD02	TCRBD02-01	2				TCRBJ02-07*01	TCRBJ02	TCRBJ02-07	1				6	0	10	0	1	1	45	-1	56	62	63	1	In	VDJ							0
CAGCGCACACAGCAGGAGGACTCGGCCGTGTATCTCTGTGCCAGCAGCTTGACAGGCCCCAGGGGCTACGAGCAGTACTTCGGGCCG	CASSLTGPRGYEQYF	1	0.00254388	45	TCRBV07-02*01	TCRBV07	TCRBV07-02	1				TCRBD01-01*01	TCRBD01	TCRBD01-01	1				TCRBJ02-07*01	TCRBJ02	TCRBJ02-07	1				3	0	2	4	9	3	36	-1	50	56	65	1	In	VDJ							0
GTGACCAGTGCCCATCCTGAAGACAGCAGCTTCTACATCTGCAGTGCTAGAGTGTTAGCGGAACTCTACGAGCAGTACTTCGGGCCG	CSARVLAELYEQYF	1	0.00254388	42	TCRBV20	TCRBV20	unresolved			"TCRBV20-01,TCRBV20-or09_02"		TCRBD02-01	TCRBD02	TCRBD02-01				"01,02"	TCRBJ02-07*01	TCRBJ02	TCRBJ02-07	1				1	3	5	5	4	3	39	52	55	61	65	1	In	VDJ							0
CAGCGCACAGAGCAGGGGGACTCGGCCATGTATCTCTGTGCCAGCAGCCCACAAGGGGGGGTCTTCTACGAGCAGTACTTCGGGCCG	CASSPQGGVFYEQYF	1	0.00254388	45	TCRBV07-09	TCRBV07	TCRBV07-09				"01,03"	TCRBD02-01*01	TCRBD02	TCRBD02-01	1				TCRBJ02-07*01	TCRBJ02	TCRBJ02-07	1				5	6	9	0	4	3	36	48	54	61	65	1	In	VDJ							0
CAGCGCACAGAGCAGGGGGACTCGGCCATGTATCTCTGTGCCAGCAGCTTATTCCTGGACAGAAAGTACGAGCAGTACTTCGGGCCG	CASSLFLDRKYEQYF	1	0.00254388	45	TCRBV07-09	TCRBV07	TCRBV07-09				"01,03"	TCRBD01-01*01	TCRBD01	TCRBD01-01	1				TCRBJ02-07*01	TCRBJ02	TCRBJ02-07	1				2	5	1	5	4	4	36	51	56	62	66	1	In	VDJ							0
CCAGGCCTGGGGGACGCAGCCATGTACCTGTGTGCCACCAGCCACGCACGACAGGGGGCTGGTGAGTACGAGCAGTACTTCGGGCCG	CATSHARQGAGEYEQYF	1	0.00254388	51	TCRBV15-01*01	TCRBV15	TCRBV15-01	1				TCRBD01-01*01	TCRBD01	TCRBD01-01	1				TCRBJ02-07*01	TCRBJ02	TCRBJ02-07	1				5	7	2	0	7	4	30	42	49	59	66	1	In	VDJ							0
ACCAGTGCCCATCCTGAAGACAGCAGCTTCTACATCTGCAGTGCTAGGCCGACGGGCCGTACAACGTACGAGCAGTACTTCGGGCCG	CSARPTGRTTYEQYF	1	0.00254388	45	TCRBV20	TCRBV20	unresolved			"TCRBV20-01,TCRBV20-or09_02"		unresolved		unresolved		"TCRBD01,TCRBD02"	"TCRBD01-01,TCRBD02-01"		TCRBJ02-07*01	TCRBJ02	TCRBJ02-07	1				3	6	8	0	9	4	36	47	53	57	66	1	In	VDJ							0
CAGCCTGCAGAGCTTGGGGACTCGGCCATGTATCTCTGTGCCAGCAGCTTATTTGGGGGAAGTGGGTACGAGCAGTACTTCGGGCCG	CASSLFGGSGYEQYF	1	0.00254388	45	TCRBV11-01*01	TCRBV11	TCRBV11-01	1				unresolved		unresolved		"TCRBD01,TCRBD02"	"TCRBD01-01,TCRBD02-01"		TCRBJ02-07*01	TCRBJ02	TCRBJ02-07	1				2	3	6	1	7	4	36	51	54	59	66	1	In	VDJ							0
CTGGAGTCGGCTGCTCCCTCCCAGACATCTGTGTACTTCTGTGCCAGCAAGACGGGACAGGGGGCTTACGAGCAGTACTTCGGGCCG	CASKTGQGAYEQYF	1	0.00254388	42	TCRBV06-01*01	TCRBV06	TCRBV06-01	1				TCRBD01-01*01	TCRBD01	TCRBD01-01	1				TCRBJ02-07*01	TCRBJ02	TCRBJ02-07	1				7	4	0	0	1	4	39	49	53	65	66	1	In	VDJ							0
ATCCAGCGCACAGAGCAGGGGGACTCGGCCATGTATCTCTGTGCCAGCAGGTGGGACAGAGACTCTTACGAGCAGTACTTCGGGCCG	CASRWDRDSYEQYF	1	0.00254388	42	TCRBV07-09	TCRBV07	TCRBV07-09				"01,03"	TCRBD01-01*01	TCRBD01	TCRBD01-01	1				TCRBJ02-07*01	TCRBJ02	TCRBJ02-07	1				6	2	0	5	7	4	39	50	52	59	66	1	In	VDJ							0
GAGTCGGCTGCTCCCTCCCAGACATCTGTGTACTTCTGTGCCAGCAGTGTTACACGGACAGGGGGAGCCGAGCAGTACTTCGGGCCG	CASSVTRTGGAEQYF	1	0.00254388	45	TCRBV06-01*01	TCRBV06	TCRBV06-01	1				TCRBD01-01*01	TCRBD01	TCRBD01-01	1				TCRBJ02-07*01	TCRBJ02	TCRBJ02-07	1				4	6	1	1	3	6	36	49	55	65	68	1	In	VDJ							0
CTGACGATCCAGCGCACAGAGCAGCGGGACTCGGCCATGTATCGCTGTGCCAGCAGCAAAACAGGAGGCGAGCAGTACTTCGGGCCG	CASSKTGGEQYF	1	0.00254388	36	TCRBV07-06*01	TCRBV07	TCRBV07-06	1				unresolved		unresolved		"TCRBD01,TCRBD02"	"TCRBD01-01,TCRBD02-01"		TCRBJ02-07*01	TCRBJ02	TCRBJ02-07	1				5	3	3	4	3	6	45	57	60	65	68	1	In	VDJ							0
CTGACGATCCAGCGCACACAGCAGGAGGACTCGGCCGTGTATCTCTGTGCCAGCGGTATAGGTCCGGGCGAGCAGTACTTCGGGCCG	CASGIGPGEQYF	1	0.00254388	36	TCRBV07-02*01	TCRBV07	TCRBV07-02	1				TCRBD02-01	TCRBD02	TCRBD02-01				"01,02"	TCRBJ02-07*01	TCRBJ02	TCRBJ02-07	1				8	10	8	4	0	6	45	54	64	-1	68	1	In	VDJ							0
CGCACAGAGCAGGGGGACTCGGCCATGTATCTCTGTGCCAGCAGCTTAACACGTCCCCGGACAGGGGGCGAGCAGTACTTCGGGCCG	CASSLTRPRTGGEQYF	1	0.00254388	48	TCRBV07-09	TCRBV07	TCRBV07-09				"01,03"	TCRBD01-01*01	TCRBD01	TCRBD01-01	1				TCRBJ02-07*01	TCRBJ02	TCRBJ02-07	1				2	10	1	1	0	6	33	48	58	-1	68	1	In	VDJ							0
ATCCAGCCCTCAGAACCCAGGGACTCAGCTGTGTACTTCTGTGCCAGCAGTTTTGCGGGGGGGAAACTCGAGCAGTACTTCGGGCCG	CASSFAGGKLEQYF	1	0.00254388	42	TCRBV12	TCRBV12	unresolved			"TCRBV12-03,TCRBV12-04"		TCRBD02-01*01	TCRBD02	TCRBD02-01	1				TCRBJ02-07*01	TCRBJ02	TCRBJ02-07	1				3	1	7	0	5	6	39	53	54	63	68	1	In	VDJ							0
ATCCAGCCCTCAGAACCCAGGGACTCAGCTGTGTACTTCTGTGCCAGCAGCCCAGGGGGTGCGTTTTTCGAGCAGTACTTCGGGCCG	CASSPGGAFFEQYF	1	0.00254388	42	TCRBV12	TCRBV12	unresolved			"TCRBV12-03,TCRBV12-04"		TCRBD01-01*01	TCRBD01	TCRBD01-01	1				TCRBJ02-07*01	TCRBJ02	TCRBJ02-07	1				6	2	4	1	9	6	39	50	52	59	68	1	In	VDJ							0
CTCCCTGATTCTGGAGTCCGCCAGCACCAACCAGACATCTATGTACCTCTGTGCCTAAGGGGGGTCAGGGAGCAGTACTTCGGGCCG		1	0.00254388	32	TCRBV28-01*01	TCRBV28	TCRBV28-01	1				unresolved		unresolved		"TCRBD01,TCRBD02"	"TCRBD01-01,TCRBD02-01"		TCRBJ02-07*01	TCRBJ02	TCRBJ02-07	1				11	2	5	1	6	7	49	55	57	63	69	1	Out	VDJ							0
GTGACATCGGCCCAAAAGAACCCGACAGCTTTCTATCTCTGTGCCAGTAGTGTACAGGGGTACTCTAGGGAGCAGTACTTCGGGCCG	CASSVQGYSREQYF	1	0.00254388	42	TCRBV19-01	TCRBV19	TCRBV19-01				"01,02"	TCRBD01-01*01	TCRBD01	TCRBD01-01	1				TCRBJ02-07*01	TCRBJ02	TCRBJ02-07	1				5	2	3	2	9	7	39	51	53	60	69	1	In	VDJ							0
AAGATCCAACCTGCAAAGCTTGAGGACTCGGCCGTGTATCTCTGTGCCAGCAGCTTGCCAGGGGCAGGGGAGCAGTACTTCGGGCCG	CASSLPGAGEQYF	1	0.00254388	39	TCRBV11-02*02	TCRBV11	TCRBV11-02	2				TCRBD01-01*01	TCRBD01	TCRBD01-01	1				TCRBJ02-07*01	TCRBJ02	TCRBJ02-07	1				3	2	4	2	5	7	42	56	58	64	69	1	In	VDJ							0
CTGACGATCCAGCGCACAGAGCAGCGGGACTCGGCCATGTATCGCTGTGCCAGCAGCACCGGGGTGGGGGAGCAGTACTTCGGGCCG	CASSTGVGEQYF	1	0.00254388	36	TCRBV07-06*01	TCRBV07	TCRBV07-06	1				TCRBD02-01*01	TCRBD02	TCRBD02-01	1				TCRBJ02-07*01	TCRBJ02	TCRBJ02-07	1				5	2	8	3	5	7	45	57	59	64	69	1	In	VDJ							0
GTGACCAGTGCCCATCCTGAAGACAGCAGCTTCTACATCTGCAGTGCTAGAGTCCCGGAGGGGGGGGCCGGGCAGTACTTCGGGCCG	CSARVPEGGAGQYF	1	0.00254388	42	TCRBV20	TCRBV20	unresolved			"TCRBV20-01,TCRBV20-or09_02"		TCRBD02-01*01	TCRBD02	TCRBD02-01	1				TCRBJ02-07*01	TCRBJ02	TCRBJ02-07	1				1	7	9	0	5	9	39	52	59	66	71	1	In	VDJ							0
ACAGTGACCAGTGCCCATCCTGAAGACAGCAGCTTCTACATCTGCAGTGCTAGAGAGGGTACGTCGTTCTTGCAGTACTTCGGGCCG	CSAREGTSFLQYF	1	0.00254388	39	TCRBV20	TCRBV20	unresolved			"TCRBV20-01,TCRBV20-or09_02"		unresolved		unresolved		"TCRBD01,TCRBD02"	"TCRBD01-01,TCRBD02-01"		TCRBJ02-07*01	TCRBJ02	TCRBJ02-07	1				0	0	0	9	12	9	42	-1	56	59	71	1	In	VDJ							0
CTGAGGATCCAGCAGGTAGTGCGAGGAGATTCGGCAGCTTATTTCTGTGCCAGCTCACCCCCTGGGGGGGGACCTTCCTTCGGGCCG	CASSPPGGGPSF	1	0.00254388	36	TCRBV18-01*01	TCRBV18	TCRBV18-01	1				TCRBD02-01*01	TCRBD02	TCRBD02-01	1				TCRBJ02-07*01	TCRBJ02	TCRBJ02-07	1				3	4	9	0	7	15	45	59	63	70	77	1	In	VDJ							0
CTCAAGATCCAACCTGCAAAGCTTGAGGACTCGGCCGTGTATCTCTGTGCCAGCAGCTTAGCGGGGGGGGCCGTGGGGTTCGGGCCG	CASSLAGGAVGF	1	0.00254388	36	TCRBV11-02*02	TCRBV11	TCRBV11-02	2				TCRBD02-01*01	TCRBD02	TCRBD02-01	1				TCRBJ02-07*01	TCRBJ02	TCRBJ02-07	1				1	0	8	0	9	16	45	-1	61	69	78	1	In	VDJ							0
ATGAGCTCCTTGGAGCTGGGGGACTCAGCCCTGTACTTCTGTGCCAGCAGCTTGAGGCAGGGGGAGAGAGGCTACACCTTCGGTTCG	CASSLRQGERGYTF	1	0.00254388	42	TCRBV13-01*01	TCRBV13	TCRBV13-01	1				TCRBD01-01*01	TCRBD01	TCRBD01-01	1				TCRBJ01-02*01	TCRBJ01	TCRBJ01-02	1				3	4	4	1	5	8	39	53	57	64	69	1	In	VDJ							0
ACGATCCAGCGCACACAGCAGGAGGACTCGGCCGTGTATCTCTGTGCCAGCAGCCGAGACAGGCAAGGAGGCTACACCTTCGGTTCG	CASSRDRQGGYTF	1	0.00254388	39	TCRBV07-02*01	TCRBV07	TCRBV07-02	1				TCRBD01-01*01	TCRBD01	TCRBD01-01	1				TCRBJ01-02*01	TCRBJ01	TCRBJ01-02	1				5	3	2	4	6	8	42	54	57	63	69	1	In	VDJ							0
GAGTTGGCTGCTCCCTCCCAGACATCTGTGTACTTCTGTGCCAGCAGTTACTCGCCGCAGGGATTGCTAGGCTACACCTTCGGTTCG	CASSYSPQGLLGYTF	1	0.00254388	45	TCRBV06-06	TCRBV06	TCRBV06-06				"01,02"	TCRBD01-01*01	TCRBD01	TCRBD01-01	1				TCRBJ01-02*01	TCRBJ01	TCRBJ01-02	1				0	4	4	3	7	8	36	53	57	62	69	1	In	VDJ							0
ATCCAGCGCACAGAGCGGGGGGACTCAGCCGTGTATCTCTGTGCCAGCAGCTCAGGGGTCAAAGATAACGGCTACACCTTCGGTTCG	CASSSGVKDNGYTF	1	0.00254388	42	TCRBV07-03*01	TCRBV07	TCRBV07-03	1				TCRBD01-01*01	TCRBD01	TCRBD01-01	1				TCRBJ01-02*01	TCRBJ01	TCRBJ01-02	1				4	0	4	2	11	8	39	-1	52	58	69	1	In	VDJ							0
AATGTGAGCACCTTGGAGCTGGGGGACTCGGCCCTTTATCTTTGCGCCAGCACCGACATAACAGGGAGCGGCTACACCTTCGGTTCG	CASTDITGSGYTF	1	0.00254388	39	TCRBV05-01*01	TCRBV05	TCRBV05-01	1				TCRBD01-01*01	TCRBD01	TCRBD01-01	1				TCRBJ01-02*01	TCRBJ01	TCRBJ01-02	1				6	8	3	3	3	8	42	52	60	66	69	1	In	VDJ							0
CACTGTGACATCGGCCCAAAAGAACCCGACAGCTTTCTATCTCTGTGCCAGTAGTATAAATAGGTGCAGGGCTACACCTTCGGTTCG		1	0.00254388	38	TCRBV19-01	TCRBV19	TCRBV19-01				"01,02"	unresolved		unresolved		"TCRBD01,TCRBD02"	"TCRBD01-01,TCRBD02-01"		TCRBJ01-02*01	TCRBJ01	TCRBJ01-02	1				2	8	4	5	0	8	43	58	66	-1	69	1	Out	VDJ							0
AGTCGGCTGCTCCCTCCCAGACATCTGTGTACTTCTGTGCCAGCAGTGAACCGGAGGGCAGGAGGCAATGGCTACACCTTCGGTTCG		1	0.00254388	46	TCRBV06-01*01	TCRBV06	TCRBV06-01	1				TCRBD02-01*02	TCRBD02	TCRBD02-01	2				TCRBJ01-02*01	TCRBJ01	TCRBJ01-02	1				2	2	10	0	9	6	35	50	52	58	67	1	Out	VDJ							0
TCTGCTGCCTCCTCCCAGACATCTGTATATTTCTGCGCCAGCAGTTCCTCCTCGGGGCAAGGTAGGGATGGCTACACCTTCGGTTCG	CASSSSSGQGRDGYTF	1	0.00254388	48	TCRBV10-01	TCRBV10	TCRBV10-01				"01,02"	unresolved		unresolved		"TCRBD01,TCRBD02"	"TCRBD01-01,TCRBD02-01"		TCRBJ01-02*01	TCRBJ01	TCRBJ01-02	1				5	8	7	0	9	6	33	45	53	58	67	1	In	VDJ							0
CAGCAGGTAGTGCGAGGAGATTCGGCAGCTTATTTCTGTGCCAGCTCACCTGACAGGGGGCGAGGATATGGCTACACCTTCGGTTCG	CASSPDRGRGYGYTF	1	0.00254388	45	TCRBV18-01*01	TCRBV18	TCRBV18-01	1				TCRBD01-01*01	TCRBD01	TCRBD01-01	1				TCRBJ01-02*01	TCRBJ01	TCRBJ01-02	1				3	1	2	0	5	5	36	50	51	61	66	1	In	VDJ							0
ATCCTGGAGTCGCCCAGCCCCAACCAGACCTCTCTGTACTTCTGTGCCAGCAGTTTTAACAGGGGATATGGCTACACCTTCGGTTCG	CASSFNRGYGYTF	1	0.00254388	39	TCRBV27-01*01	TCRBV27	TCRBV27-01	1				TCRBD01-01*01	TCRBD01	TCRBD01-01	1				TCRBJ01-02*01	TCRBJ01	TCRBJ01-02	1				3	2	3	2	1	5	42	56	58	65	66	1	In	VDJ							0
AAGCTGGAGGACTCAGCCATGTACTTCTGTGCCAGCAGTGATATTCCGACCCGACAGGGGGCAAACTATGGCTACACCTTCGGTTCG	CASSDIPTRQGANYGYTF	1	0.00254388	54	TCRBV02-01*01	TCRBV02	TCRBV02-01	1				TCRBD01-01*01	TCRBD01	TCRBD01-01	1				TCRBJ01-02*01	TCRBJ01	TCRBJ01-02	1				3	11	2	0	1	2	27	41	52	62	63	1	In	VDJ							0
GAGTCGCCCAGCCCCAACCAGACCTCTCTGTACTTCTGTGCCAGCAGTCTCCGGCCACTACCCAACTATGGCTACACCTTCGGTTCG	CASSLRPLPNYGYTF	1	0.00254388	45	TCRBV27-01*01	TCRBV27	TCRBV27-01	1				TCRBD02-01	TCRBD02	TCRBD02-01				"01,02"	TCRBJ01-02*01	TCRBJ01	TCRBJ01-02	1				5	8	3	9	3	2	36	48	56	60	63	1	In	VDJ							0
ACATCGGCCCAAAAGAACCCGACAGCTTTCTATCTCTGTGCCAGTAACGACCGGGCAGGGCCCAACTATGGCTACACCTTCGGTTCG	CASNDRAGPNYGYTF	1	0.00254388	45	TCRBV19-01	TCRBV19	TCRBV19-01				"01,02"	TCRBD01-01*01	TCRBD01	TCRBD01-01	1				TCRBJ01-02*01	TCRBJ01	TCRBJ01-02	1				7	9	4	3	3	2	36	46	55	60	63	1	In	VDJ							0
CTGGAGTCCGCCAGCACCAACCAGACATCTATGTACCTCTGTGCCAGCAGCTCGACGTGGGGCAACTATGGCTACACCTTCGGTTCG	CASSSTWGNYGYTF	1	0.00254388	42	TCRBV28-01*01	TCRBV28	TCRBV28-01	1				TCRBD01-01*01	TCRBD01	TCRBD01-01	1				TCRBJ01-02*01	TCRBJ01	TCRBJ01-02	1				6	8	7	0	0	2	39	50	58	-1	63	1	In	VDJ							0
GAGTCGCCCAGCCCCAACCAGACCTCTCTGTACTTCTGTGCCAGCAGTCTTCGAACAGATAGGAACTATGGCTACACCTTCGGTTCG	CASSLRTDRNYGYTF	1	0.00254388	45	TCRBV27-01*01	TCRBV27	TCRBV27-01	1				TCRBD01-01*01	TCRBD01	TCRBD01-01	1				TCRBJ01-02*01	TCRBJ01	TCRBJ01-02	1				5	6	3	5	5	2	36	48	54	58	63	1	In	VDJ							0
TCTCAGACATCTGTGTACTTCTGTGCCAGCAGTGACTCGAGGCCATGGAGAACGGGGGGCTATAACTATGGCTACACCTTCGGTTCG	CASSDSRPWRTGGYNYGYTF	1	0.00254388	60	TCRBV06-04	TCRBV06	TCRBV06-04				"01,02"	TCRBD02-01*01	TCRBD02	TCRBD02-01	1				TCRBJ01-02*01	TCRBJ01	TCRBJ01-02	1				0	14	8	1	3	1	21	38	52	59	62	1	In	VDJ							0
ATCGGCCCAAAAGAACCCGACAGCTTTCTATCTCTGTGCCAGTAGTAGGGGGGGCGCTTGCCTAACTATGGCTACACCTTCGGTTCG		1	0.00254388	47	TCRBV19-01	TCRBV19	TCRBV19-01				"01,02"	TCRBD02-01*01	TCRBD02	TCRBD02-01	1				TCRBJ01-02*01	TCRBJ01	TCRBJ01-02	1				4	0	9	0	7	0	34	-1	47	54	61	1	Out	VDJ							0
TCCCTGGAGCTTGGTGACTCTGCTGTGTATTTCTGTGCCAGCAGCCTTTTAGCCGGGACAGCTAACTATGGCTACACCTTCGGTTCG	CASSLLAGTANYGYTF	1	0.00254388	48	TCRBV03	TCRBV03	unresolved			"TCRBV03-01,TCRBV03-02"		TCRBD01-01*01	TCRBD01	TCRBD01-01	1				TCRBJ01-02*01	TCRBJ01	TCRBJ01-02	1				4	8	0	5	0	0	33	46	54	-1	61	1	In	VDJ							0
CAGTCCACGGAGTCAGGGGACACAGCACTGTATTTCTGTGCCAGCAGCAAAGGAACAGAGGCTAACTATGGCTACACCTTCGGTTCG	CASSKGTEANYGYTF	1	0.00254388	45	TCRBV21-01*01	TCRBV21	TCRBV21-01	1				unresolved		unresolved		"TCRBD01,TCRBD02"	"TCRBD01-01,TCRBD02-01"		TCRBJ01-02*01	TCRBJ01	TCRBJ01-02	1				1	2	3	5	3	0	36	52	54	58	61	1	In	VDJ							0
GTGACCAGTGCCCATCCTGAAGACAGCAGCTTCTACATCTGCAGTGCTAGTATCAGGAAGGGTAACTATGGCTACACCTTCGGTTCG	CSASIRKGNYGYTF	1	0.00254388	42	TCRBV20	TCRBV20	unresolved			"TCRBV20-01,TCRBV20-or09_02"		unresolved		unresolved		"TCRBD01,TCRBD02"	"TCRBD01-01,TCRBD02-01"		TCRBJ01-02*01	TCRBJ01	TCRBJ01-02	1				3	3	4	4	5	1	39	50	53	57	62	1	In	VDJ							0
CAAAGCTGGAGGACTCAGCCATGTACTTCTGTGCCAGCAGGGAAGGTGGCAGGGGAGGCGATTAACTATGGCTACACCTTCGGTTCG		1	0.00254388	52	TCRBV02-01*01	TCRBV02	TCRBV02-01	1				unresolved		unresolved		"TCRBD01,TCRBD02"	"TCRBD01-01,TCRBD02-01"		TCRBJ01-02*01	TCRBJ01	TCRBJ01-02	1				1	4	4	2	7	1	29	45	49	55	62	1	Out	VDJ							0
GCCAGCACCAACCAGACATCTATGTACCTCTGTGCCAGCAGTTTTGCAGGGGCCAGCTCCGGACACTATGGCTACACCTTCGGTTCG	CASSFAGASSGHYGYTF	1	0.00254388	51	TCRBV28-01*01	TCRBV28	TCRBV28-01	1				TCRBD01-01*01	TCRBD01	TCRBD01-01	1				TCRBJ01-02*01	TCRBJ01	TCRBJ01-02	1				3	2	4	2	12	3	30	44	46	52	64	1	In	VDJ							0
CAGTCCACGGAGTCAGGGGACACAGCACTGTATTTCTGTGCCAGCAGCCAGCAGAGGGGGGCTCACTATGGCTACACCTTCGGTTCG	CASSQQRGAHYGYTF	1	0.00254388	45	TCRBV21-01*01	TCRBV21	TCRBV21-01	1				unresolved		unresolved		"TCRBD01,TCRBD02"	"TCRBD01-01,TCRBD02-01"		TCRBJ01-02*01	TCRBJ01	TCRBJ01-02	1				5	6	5	1	4	3	36	48	54	60	64	1	In	VDJ							0
GATCCAGCGCACAGAGCAGGGGGACTCGGCCATGTATCTCTGTGCCAGCAGCTTACGGACAGGGACTATGGCTACACCTTCGGTTCG		1	0.00254388	41	TCRBV07-09	TCRBV07	TCRBV07-09				"01,03"	TCRBD01-01*01	TCRBD01	TCRBD01-01	1				TCRBJ01-02*01	TCRBJ01	TCRBJ01-02	1				2	1	1	3	0	3	40	55	56	-1	64	1	Out	VDJ							0
CAGCCTGCAGAACTGGAGGATTCTGGAGTTTATTTCTGTGCCAGCAGCCACGGGACCGCTCCCTACTATGGCTACACCTTCGGTTCG	CASSHGTAPYYGYTF	1	0.00254388	45	TCRBV14-01*01	TCRBV14	TCRBV14-01	1				unresolved		unresolved		"TCRBD01,TCRBD02"	"TCRBD01-01,TCRBD02-01"		TCRBJ01-02*01	TCRBJ01	TCRBJ01-02	1				3	1	0	7	8	3	36	50	51	56	64	1	In	VDJ							0
GAGTCCGCTACCAGCTCCCAGACATCTGTGTACTTCTGTGCCATCAGTGAGATGACAGGGGTTTACTATGGCTACACCTTCGGTTCG	CAISEMTGVYYGYTF	1	0.00254388	45	TCRBV10-03*01	TCRBV10	TCRBV10-03	1				TCRBD01-01*01	TCRBD01	TCRBD01-01	1				TCRBJ01-02*01	TCRBJ01	TCRBJ01-02	1				2	2	2	2	3	3	36	51	53	61	64	1	In	VDJ							0
TCTTCACATCAATTCCCTGGAGCTTGGTGACTCTGCTGTGTATTTCTGTGCCAGCAGCTAGCAACCTATGGCTACACCTTCGGTTCG		1	0.00254388	35	TCRBV03	TCRBV03	unresolved			"TCRBV03-01,TCRBV03-02"		TCRBD02-01	TCRBD02	TCRBD02-01				"01,02"	TCRBJ01-02*01	TCRBJ01	TCRBJ01-02	1				5	0	5	7	3	4	46	-1	58	62	65	1	Out	VDJ							0
CTGCTGTCGGCTGCTCCCTCCCAGACATCTGTGTACTTCTGTGCCAGCAGTCCGGACCAGCGCCCCTATGGCTACACCTTCGGTTCG	CASSPDQRPYGYTF	1	0.00254388	42	TCRBV06-05*01	TCRBV06	TCRBV06-05	1				unresolved		unresolved		"TCRBD01,TCRBD02"	"TCRBD01-01,TCRBD02-01"		TCRBJ01-02*01	TCRBJ01	TCRBJ01-02	1				5	2	1	7	8	4	39	51	53	57	65	1	In	VDJ							0
AGATCCAGCGCACAGAGCGGGGGGACTCAGCCGTGTATCTCTGTGCCAGCAGCTTATGGTCTGGCCTATGGCTACACCTTCGGTTCG		1	0.00254388	40	TCRBV07-03*01	TCRBV07	TCRBV07-03	1				TCRBD01-01*01	TCRBD01	TCRBD01-01	1				TCRBJ01-02*01	TCRBJ01	TCRBJ01-02	1				2	6	9	0	0	4	41	56	62	-1	65	1	Out	VDJ							0
ATCCAGCCCATGGAACCCAGGGACTTGGGCCTATATTTCTGTGCCAGCGGTGTGTTCGCGATGAGCTATGGCTACACCTTCGGTTCG	CASGVFAMSYGYTF	1	0.00254388	42	TCRBV12-01*01	TCRBV12	TCRBV12-01	1				TCRBD02-01	TCRBD02	TCRBD02-01				"01,02"	TCRBJ01-02*01	TCRBJ01	TCRBJ01-02	1				8	9	7	6	5	4	39	48	57	60	65	1	In	VDJ							0
GAGTTGGCTGCTCCCTCCCAGACATCTGTGTACTTCTGTGCCAGCAGTTACTTGGACAGGGGAGGCTATGGCTACACCTTCGGTTCG	CASSYLDRGGYGYTF	1	0.00254388	45	TCRBV06-06	TCRBV06	TCRBV06-06				"01,02"	TCRBD01-01*01	TCRBD01	TCRBD01-01	1				TCRBJ01-02*01	TCRBJ01	TCRBJ01-02	1				1	1	1	2	3	4	36	52	53	62	65	1	In	VDJ							0
ACGATCCAGCGCACACAGCAGGAGGACTCGGCCGTGTATCTCTGTGCCAGCAGCTTCACAGGGGGCTATGGCTACACCTTCGGTTCG	CASSFTGGYGYTF	1	0.00254388	39	TCRBV07-02*01	TCRBV07	TCRBV07-02	1				TCRBD01-01*01	TCRBD01	TCRBD01-01	1				TCRBJ01-02*01	TCRBJ01	TCRBJ01-02	1				3	1	3	1	0	4	42	56	57	-1	65	1	In	VDJ							0
ACCTGAGCTCTCTGGAGCTGGGGGACTCAGCTTTGTATTTCTGTGCCAGCAGCGTAGGAGGGGCAGTATGGCTACACCTTCGGTTCG		1	0.00254388	40	TCRBV09-01	TCRBV09	TCRBV09-01				"01,02"	unresolved		unresolved		"TCRBD01,TCRBD02"	"TCRBD01-01,TCRBD02-01"		TCRBJ01-02*01	TCRBJ01	TCRBJ01-02	1				0	1	5	2	3	5	41	57	58	63	66	1	Out	VDJ							0
GCCACTCTGAAGATCCAGCCCTCAGAACCCAGGGACTCAGCTGTGTATTTTTGTGCTAGTGGGCCGTATGGCTACACCTTCGGTTCG	CASGPYGYTF	1	0.00254388	30	TCRBV12-05*01	TCRBV12	TCRBV12-05	1				unresolved		unresolved		"TCRBD01,TCRBD02"	"TCRBD01-01,TCRBD02-01"		TCRBJ01-02*01	TCRBJ01	TCRBJ01-02	1				6	0	10	0	2	5	51	-1	62	64	66	1	In	VDJ							0
TTGGAGATCCAGCGCACAGAGCAGGGGGACTCGGCCATGTATCTCTGTGCCAGCAGCTTCACAGGGTATGGCTACACCTTCGGTTCG	CASSFTGYGYTF	1	0.00254388	36	TCRBV07-09	TCRBV07	TCRBV07-09				"01,03"	TCRBD01-01*01	TCRBD01	TCRBD01-01	1				TCRBJ01-02*01	TCRBJ01	TCRBJ01-02	1				3	1	3	3	0	5	45	59	60	-1	66	1	In	VDJ							0
CTTCACATCAATTCCCTGGAGCTTGGTGACTCTGCTGTGTATTTCTGTGCCAGCAGCCAGAGAGGGTATGGCTACACCTTCGGTTCG	CASSQRGYGYTF	1	0.00254388	36	TCRBV03	TCRBV03	unresolved			"TCRBV03-01,TCRBV03-02"		TCRBD02-01*02	TCRBD02	TCRBD02-01	2				TCRBJ01-02*01	TCRBJ01	TCRBJ01-02	1				3	2	11	0	0	5	45	59	61	-1	66	1	In	VDJ							0
AACGCCTTGTTGCTGGGGGACTCGGCCCTGTATCTCTGTGCCAGCAGCCCGGGGACAGGGGGCGGGTATGGCTACACCTTCGGTTCG	CASSPGTGGGYGYTF	1	0.00254388	45	TCRBV05-05*01	TCRBV05	TCRBV05-05	1				TCRBD01-01*01	TCRBD01	TCRBD01-01	1				TCRBJ01-02*01	TCRBJ01	TCRBJ01-02	1				4	3	0	0	3	5	36	48	51	63	66	1	In	VDJ							0
ATCCAGCCCTCAGAACCCAGGGACTCAGCTGTGTACTTCTGTGCCAGCAGTGGACAGGGCTCGGGGTATGGCTACACCTTCGGTTCG	CASSGQGSGYGYTF	1	0.00254388	42	TCRBV12	TCRBV12	unresolved			"TCRBV12-03,TCRBV12-04"		TCRBD01-01*01	TCRBD01	TCRBD01-01	1				TCRBJ01-02*01	TCRBJ01	TCRBJ01-02	1				5	0	1	3	7	5	39	-1	51	59	66	1	In	VDJ							0
CTGAGCTCTCTGGAGCTGGGGGACTCAGCTTTGTATTTCTGTGCCAGCAGCGGATACAGGGAGTACGGTGGCTACACCTTCGGTTCG	CASSGYREYGGYTF	1	0.00254388	42	TCRBV09-01	TCRBV09	TCRBV09-01				"01,02"	TCRBD01-01*01	TCRBD01	TCRBD01-01	1				TCRBJ01-02*01	TCRBJ01	TCRBJ01-02	1				3	3	3	3	7	7	39	52	55	61	68	1	In	VDJ							0
AGGCTGGAGTCGGCTGCTCCCTCCCAGACATCTGTGTACTTCTGTGCCAGCAGTGAAGCCCTACAGACTATCTTCACCTTCGGTTCG	CASSEALQTIFTF	1	0.00254388	39	TCRBV06-01*01	TCRBV06	TCRBV06-01	1				TCRBD02-01	TCRBD02	TCRBD02-01				"01,02"	TCRBJ01-02*01	TCRBJ01	TCRBJ01-02	1				0	6	2	9	4	13	42	59	65	70	74	1	In	VDJ							0
GAGTCCGCCAGCACCAACCAGACATCTATGTACCTCTGTGCCAGCAGAAGTACCCAGGGTAATGGACAGCCCCAGCATTTTGGTGAT	CASRSTQGNGQPQHF	1	0.00254388	45	TCRBV28-01*01	TCRBV28	TCRBV28-01	1				TCRBD01-01*01	TCRBD01	TCRBD01-01	1				TCRBJ01-05*01	TCRBJ01	TCRBJ01-05	1				6	7	4	3	7	7	36	47	54	59	66	1	In	VDJ							0
CCAGCACCAACCAGACATCTATGTACCTCTGTGCCAGCAGTTTATAGGGCCCTCGGCCGGGGCGGCCAGCCCCAGCATTTTGGTGAT		1	0.00254388	52	TCRBV28-01*01	TCRBV28	TCRBV28-01	1				unresolved		unresolved		"TCRBD01,TCRBD02"	"TCRBD01-01,TCRBD02-01"		TCRBJ01-05*01	TCRBJ01	TCRBJ01-05	1				1	13	7	0	3	7	29	45	58	63	66	1	Out	VDJ							0
ATCCAGCCCTCAGAACCCAGGGACTCAGCTGTGTATTTTTGTGCTAGTGGTTTGGGACAGGGTAGGCAGCCCCAGCATTTTGGTGAT	CASGLGQGRQPQHF	1	0.00254388	42	TCRBV12-05*01	TCRBV12	TCRBV12-05	1				TCRBD01-01*01	TCRBD01	TCRBD01-01	1				TCRBJ01-05*01	TCRBJ01	TCRBJ01-05	1				1	0	2	3	4	7	39	-1	55	62	66	1	In	VDJ							0
GCCCATCCTGAAGACAGCAGCTTCTACATCTGCAGTGCTAGCCCCGGGGGGACAGGGGGCAACGGGCAGCCCCAGCATTTTGGTGAT	CSASPGGTGGNGQPQHF	1	0.00254388	51	TCRBV20	TCRBV20	unresolved			"TCRBV20-01,TCRBV20-or09_02"		TCRBD01-01*01	TCRBD01	TCRBD01-01	1				TCRBJ01-05*01	TCRBJ01	TCRBJ01-05	1				3	7	0	0	6	7	30	41	48	60	66	1	In	VDJ							0
GAGTTGGCTGCTCCCTCCCAGACATCTGTGTACTTCTGTGCCAGCAGTCCCTGGGACAGGGTAAATCAGCCCCAGCATTTTGGTGAT	CASSPWDRVNQPQHF	1	0.00254388	45	TCRBV06-06	TCRBV06	TCRBV06-06				"01,02"	TCRBD01-01*01	TCRBD01	TCRBD01-01	1				TCRBJ01-05*01	TCRBJ01	TCRBJ01-05	1				5	4	0	3	2	4	36	48	52	61	63	1	In	VDJ							0
CGGTCCACAAAGCTGGAGGACTCAGCCATGTACTTCTGTGCCAGCAAGTCCCGGGACAGACACAATCAGCCCCAGCATTTTGGTGAT	CASKSRDRHNQPQHF	1	0.00254388	45	TCRBV02-01*01	TCRBV02	TCRBV02-01	1				TCRBD01-01*01	TCRBD01	TCRBD01-01	1				TCRBJ01-05*01	TCRBJ01	TCRBJ01-05	1				7	6	0	5	3	3	36	46	52	59	62	1	In	VDJ							0
CTGGAGTCCGCCAGCACCAACCAGACATCTATGTACCTCTGTGCCAGCAGTTTATACAGACACAATCAGCCCCAGCATTTTGGTGAT	CASSLYRHNQPQHF	1	0.00254388	42	TCRBV28-01*01	TCRBV28	TCRBV28-01	1				TCRBD01-01*01	TCRBD01	TCRBD01-01	1				TCRBJ01-05*01	TCRBJ01	TCRBJ01-05	1				1	3	2	6	0	3	39	55	58	-1	62	1	In	VDJ							0
GTGACCAGTGCCCATCCTGAAGACAGCAGCTTCTACATCTGCAGTGCGGGGCGACAGGGAAGCAATCAGCCCCAGCATTTTGGTGAT	CSAGRQGSNQPQHF	1	0.00254388	42	TCRBV20	TCRBV20	unresolved			"TCRBV20-01,TCRBV20-or09_02"		TCRBD01-01*01	TCRBD01	TCRBD01-01	1				TCRBJ01-05*01	TCRBJ01	TCRBJ01-05	1				6	5	2	3	1	1	39	47	52	59	60	1	In	VDJ							0
GGGACTCGGCCGTGTATGTCTGTGCAAGTCGCTTACGAGCCAAGGCAGGGAGGGTCTTGAAGCAATCAGCCCCAGCATTTTGGTGAT		1	0.00254388	61	TCRBV12-02*01	TCRBV12	TCRBV12-02	1				TCRBD02-01*02	TCRBD02	TCRBD02-01	2				TCRBJ01-05*01	TCRBJ01	TCRBJ01-05	1				2	12	9	0	6	1	20	35	47	54	60	1	Out	VDJ							0
CAGCCCTCAGAACCCAGGGACTCAGCTGTGTATTTTTGTGCTAGTGGTTTGGGTGGGCAGAGCAATCAGCCCCAGCATTTTGGTGAT	CASGLGGQSNQPQHF	1	0.00254388	45	TCRBV12-05*01	TCRBV12	TCRBV12-05	1				TCRBD01-01*01	TCRBD01	TCRBD01-01	1				TCRBJ01-05*01	TCRBJ01	TCRBJ01-05	1				1	2	8	0	2	1	36	52	54	58	60	1	In	VDJ							0
GCAGCGGGACTCGGCCATGTATCGCTGTGCCAGCAGCTTAGGTCTACTACCAGGGGCGAGAGCAATCAGCCCCAGCATTTTGGTGAT		1	0.00254388	56	TCRBV07-06*01	TCRBV07	TCRBV07-06	1				TCRBD01-01*01	TCRBD01	TCRBD01-01	1				TCRBJ01-05*01	TCRBJ01	TCRBJ01-05	1				1	9	4	2	4	1	25	41	50	56	60	1	Out	VDJ							0
GCCAGCACCAACCAGACATCTATGTACCTCTGTGCCAGCAGTCCTTATCCCATCGTTAGGAGCAATCAGCCCCAGCATTTTGGTGAT	CASSPYPIVRSNQPQHF	1	0.00254388	51	TCRBV28-01*01	TCRBV28	TCRBV28-01	1				unresolved		unresolved		"TCRBD01,TCRBD02"	"TCRBD01-01,TCRBD02-01"		TCRBJ01-05*01	TCRBJ01	TCRBJ01-05	1				5	15	5	4	0	1	30	42	57	-1	60	1	In	VDJ							0
GCCCAAAAGAACCCGACAGCTTTCTATCTCTGTGCCAGTAGTTTCCGGGACAGGGCCTTGAGCAATCAGCCCCAGCATTTTGGTGAT	CASSFRDRALSNQPQHF	1	0.00254388	51	TCRBV19-01	TCRBV19	TCRBV19-01				"01,02"	TCRBD01-01*01	TCRBD01	TCRBD01-01	1				TCRBJ01-05*01	TCRBJ01	TCRBJ01-05	1				5	4	0	3	5	1	30	42	46	55	60	1	In	VDJ							0
ACCAGTGCCCATCCTGAAGACAGCAGCTTCTACATCTGCAGTGCCAGACGGCAGGACAATAGCAATCAGCCCCAGCATTTTGGTGAT	CSARRQDNSNQPQHF	1	0.00254388	45	TCRBV20	TCRBV20	unresolved			"TCRBV20-01,TCRBV20-or09_02"		TCRBD01-01*01	TCRBD01	TCRBD01-01	1				TCRBJ01-05*01	TCRBJ01	TCRBJ01-05	1				2	5	1	6	1	0	36	48	53	58	59	1	In	VDJ							0
ACATCGGCCCAAAAGAACCCGACAGCTTTCTATCTCTGTGCCAGTAGTATGTCGGGTGGTAGCAATCAGCCCCAGCATTTTGGTGAT	CASSMSGGSNQPQHF	1	0.00254388	45	TCRBV19-01	TCRBV19	TCRBV19-01				"01,02"	TCRBD02-01	TCRBD02	TCRBD02-01				"01,02"	TCRBJ01-05*01	TCRBJ01	TCRBJ01-05	1				3	2	8	4	3	0	36	50	52	56	59	1	In	VDJ							0
CGCTCACCAGGCCTGGGGGACGCAGCCATGTACCTGTGTGCCACCAGCAAAACAGGGGACCGCAATCAGCCCCAGCATTTTGGTGAT	CATSKTGDRNQPQHF	1	0.00254388	45	TCRBV15-01*01	TCRBV15	TCRBV15-01	1				TCRBD01-01*01	TCRBD01	TCRBD01-01	1				TCRBJ01-05*01	TCRBJ01	TCRBJ01-05	1				4	2	3	2	3	2	36	49	51	58	61	1	In	VDJ							0
CGCTCACCAGGCCTGGGGGACGCAGCCATGTACCTGTGTGCCACCAGCAAGGGGAAACAGCGCAATCAGCCCCAGCATTTTGGTGAT	CATSKGKQRNQPQHF	1	0.00254388	45	TCRBV15-01*01	TCRBV15	TCRBV15-01	1				TCRBD01-01*01	TCRBD01	TCRBD01-01	1				TCRBJ01-05*01	TCRBJ01	TCRBJ01-05	1				4	0	5	2	7	2	36	-1	49	54	61	1	In	VDJ							0
ATCCAGCCCTCAGAACCCAGGGACTCAGCTGTGTACTTCTGTGCCAGCAGCCTGACAGGGCGCAATCAGCCCCAGCATTTTGGTGAT	CASSLTGRNQPQHF	1	0.00254388	42	TCRBV12	TCRBV12	unresolved			"TCRBV12-03,TCRBV12-04"		TCRBD01-01*01	TCRBD01	TCRBD01-01	1				TCRBJ01-05*01	TCRBJ01	TCRBJ01-05	1				6	3	2	3	1	2	39	50	53	60	61	1	In	VDJ							0
GAGTCGCCCAGCCCCAACCAGACCTCTCTGTACTTCTGTGCCAGCAGCCGACAGGGCTCAGGCAATCAGCCCCAGCATTTTGGTGAT	CASSRQGSGNQPQHF	1	0.00254388	45	TCRBV27-01*01	TCRBV27	TCRBV27-01	1				TCRBD01-01*01	TCRBD01	TCRBD01-01	1				TCRBJ01-05*01	TCRBJ01	TCRBJ01-05	1				6	2	2	3	5	2	36	47	49	56	61	1	In	VDJ							0
GAGTCGGCTGCTCCCTCCCAAACATCTGTGTACTTCTGTGCCAGCAGTTCCGGCGGGGTAGGCAATCAGCCCCAGCATTTTGGTGAT	CASSSGGVGNQPQHF	1	0.00254388	45	TCRBV06	TCRBV06	unresolved			"TCRBV06-02,TCRBV06-03"		TCRBD02-01*01	TCRBD02	TCRBD02-01	1				TCRBJ01-05*01	TCRBJ01	TCRBJ01-05	1				4	3	7	3	3	2	36	49	52	58	61	1	In	VDJ							0
AACCCAGGGACTCAGCTGTGTACTTCTGTGCCAGCCCCTCCTTGGGGGACAGGGGGCTTCGGCAATCAGCCCCAGCATTTTGGTGAT		1	0.00254388	55	TCRBV12	TCRBV12	unresolved			"TCRBV12-03,TCRBV12-04"		TCRBD01-01*01	TCRBD01	TCRBD01-01	1				TCRBJ01-05*01	TCRBJ01	TCRBJ01-05	1				8	10	0	0	4	2	26	35	45	57	61	1	Out	VDJ							0
CCTACACGCCCTGCAGCCAGAAGACTCAGCCCTGTATCTCTGCGCCAGCAGCCAGGGTAGGGCAATCAGCCCCAGCATTTTGGTGAT		1	0.00254388	41	TCRBV04-01*01	TCRBV04	TCRBV04-01	1				unresolved		unresolved		"TCRBD01,TCRBD02"	"TCRBD01-01,TCRBD02-01"		TCRBJ01-05*01	TCRBJ01	TCRBJ01-05	1				3	0	0	9	4	2	40	-1	54	57	61	1	Out	VDJ							0
ACACAGCAGGAGGACTCGGCCGTGTATCTCTGTGCCAGCAGCTCGAGGACAGGGTCTCCGGGCAATCAGCCCCAGCATTTTGGTGAT	CASSSRTGSPGNQPQHF	1	0.00254388	51	TCRBV07-02*01	TCRBV07	TCRBV07-02	1				TCRBD01-01*01	TCRBD01	TCRBD01-01	1				TCRBJ01-05*01	TCRBJ01	TCRBJ01-05	1				4	3	1	3	7	2	30	43	46	54	61	1	In	VDJ							0
ACCAGTGCCCATCCTGAAGACAGCAGCTTCTACATCTGCAGTGCCCAGGACAGGGTGGCGGGCAATCAGCCCCAGCATTTTGGTGAT	CSAQDRVAGNQPQHF	1	0.00254388	45	TCRBV20	TCRBV20	unresolved			"TCRBV20-01,TCRBV20-or09_02"		TCRBD01-01*01	TCRBD01	TCRBD01-01	1				TCRBJ01-05*01	TCRBJ01	TCRBJ01-05	1				6	3	1	3	6	2	36	44	47	55	61	1	In	VDJ							0
AACGCCTTGTTGCTGGGGGACTCGGCCCTGTATCTCTGTGCCAGCAGCTTTTCCGACTCTGGCAATCAGCCCCAGCATTTTGGTGAT	CASSFSDSGNQPQHF	1	0.00254388	45	TCRBV05-05*01	TCRBV05	TCRBV05-05	1				TCRBD02-01	TCRBD02	TCRBD02-01				"01,02"	TCRBJ01-05*01	TCRBJ01	TCRBJ01-05	1				2	4	2	10	3	2	36	50	54	58	61	1	In	VDJ							0
CAGGGGACACAGCACTGTATTTCTGTGCCAGCAGCAACGTCAACAGGGGCGGGGGCGTTTGGCAATCAGCCCCAGCATTTTGGTGAT		1	0.00254388	58	TCRBV21-01*01	TCRBV21	TCRBV21-01	1				unresolved		unresolved		"TCRBD01,TCRBD02"	"TCRBD01-01,TCRBD02-01"		TCRBJ01-05*01	TCRBJ01	TCRBJ01-05	1				3	5	3	2	12	2	23	37	42	49	61	1	Out	VDJ							0
CAGCCCATGGAACCCAGGGACTTGGGCCTATATTTCTGTGCCAGCAGCTTCGTTGGTCCGCTCAATCAGCCCCAGCATTTTGGTGAT	CASSFVGPLNQPQHF	1	0.00254388	45	TCRBV12-01*01	TCRBV12	TCRBV12-01	1				unresolved		unresolved		"TCRBD01,TCRBD02"	"TCRBD01-01,TCRBD02-01"		TCRBJ01-05*01	TCRBJ01	TCRBJ01-05	1				3	4	0	10	6	3	36	50	54	56	62	1	In	VDJ							0
CTGGAGTCGGCTGCTCCCTCCCAGACATCTGTGTACTTCTGTGCCAGCAGTGAAGCGCTCGTCAATCAGCCCCAGCATTTTGGTGAT	CASSEALVNQPQHF	1	0.00254388	42	TCRBV06-01*01	TCRBV06	TCRBV06-01	1				unresolved		unresolved		"TCRBD01,TCRBD02"	"TCRBD01-01,TCRBD02-01"		TCRBJ01-05*01	TCRBJ01	TCRBJ01-05	1				0	0	10	0	4	3	39	-1	56	58	62	1	In	VDJ							0
GAGTCGGCTGCTCCCTCCCAGACATCTGTGTACTTCTGTGCCAGCACCCAGAGCAGGGGGCAGAATCAGCCCCAGCATTTTGGTGAT	CASTQSRGQNQPQHF	1	0.00254388	45	TCRBV06-01*01	TCRBV06	TCRBV06-01	1				TCRBD01-01*01	TCRBD01	TCRBD01-01	1				TCRBJ01-05*01	TCRBJ01	TCRBJ01-05	1				7	7	4	0	2	4	36	46	53	61	63	1	In	VDJ							0
CTGGAGTCGCCCAGCCCCAACCAGACCTCTCTGTACTTCTGTGCCAGCAGTCCCTTTGGAGCGAATCAGCCCCAGCATTTTGGTGAT	CASSPFGANQPQHF	1	0.00254388	42	TCRBV27-01*01	TCRBV27	TCRBV27-01	1				TCRBD02-01	TCRBD02	TCRBD02-01				"01,02"	TCRBJ01-05*01	TCRBJ01	TCRBJ01-05	1				5	8	6	6	0	4	39	51	59	-1	63	1	In	VDJ							0
AAGGTGCAGCCTGCAGAACTGGAGGATTCTGGAGTTTATTTCTGTGCCAGCAGCCGACAGGGGAATCAGCCCCAGCATTTTGGTGAT	CASSRQGNQPQHF	1	0.00254388	39	TCRBV14-01*01	TCRBV14	TCRBV14-01	1				TCRBD01-01*01	TCRBD01	TCRBD01-01	1				TCRBJ01-05*01	TCRBJ01	TCRBJ01-05	1				4	0	2	2	0	4	42	-1	55	-1	63	1	In	VDJ							0
TCGGCCCAAAAGAACCCGACAGCTTTCTATCTCTGTGCCAGTAGTATAGAACGTTGGCAGGGGAATCAGCCCCAGCATTTTGGTGAT	CASSIERWQGNQPQHF	1	0.00254388	48	TCRBV19-01	TCRBV19	TCRBV19-01				"01,02"	TCRBD01-01*01	TCRBD01	TCRBD01-01	1				TCRBJ01-05*01	TCRBJ01	TCRBJ01-05	1				0	7	4	2	0	4	33	50	57	-1	63	1	In	VDJ							0
ACTGTGACATCGGCCCAAAAGAACCCGACAGCTTTCTATCTCTGTGCCAGTAGTATCAGGGTGAATCAGCCCCAGCATTTTGGTGAT	CASSIRVNQPQHF	1	0.00254388	39	TCRBV19-01	TCRBV19	TCRBV19-01				"01,02"	TCRBD01-01*01	TCRBD01	TCRBD01-01	1				TCRBJ01-05*01	TCRBJ01	TCRBJ01-05	1				3	0	4	3	2	4	42	-1	56	61	63	1	In	VDJ							0
GGAGCTTGGTGACTCTGCTGTGTATTTCTGTGCCAGCAGCCGAAGACCAAAGGGCCCTACATTAATCAGCCCCAGCATTTTGGTGAT		1	0.00254388	53	TCRBV03	TCRBV03	unresolved			"TCRBV03-01,TCRBV03-02"		unresolved		unresolved		"TCRBD01,TCRBD02"	"TCRBD01-01,TCRBD02-01"		TCRBJ01-05*01	TCRBJ01	TCRBJ01-05	1				4	9	5	3	9	4	28	41	50	54	63	1	Out	VDJ							0
AGTCCACGGAGTCAGGGGACACAGCACTGTATTTCTGTGCCAGCAGCTCCCGGGACAGGGAATCATCAGCCCCAGCATTTTGGTGAT		1	0.00254388	46	TCRBV21-01*01	TCRBV21	TCRBV21-01	1				TCRBD01-01*01	TCRBD01	TCRBD01-01	1				TCRBJ01-05*01	TCRBJ01	TCRBJ01-05	1				5	4	0	3	4	5	35	47	51	60	64	1	Out	VDJ							0
CTTGTCCACTCTGACAGTGACCAGTGCCCATCCTGAAGACAGCAGCTTCTACATCTGGACAGGGATCAGCCCCAGCATTTTGGTGAT		1	0.00254388	26	TCRBV20-01*01	TCRBV20	TCRBV20-01	1				TCRBD01-01*01	TCRBD01	TCRBD01-01	1				TCRBJ01-05*01	TCRBJ01	TCRBJ01-05	1				12	0	2	3	0	5	55	-1	57	-1	64	1	Out	VDJ							0
CTGAAGATCCAGCCCTCAGAACCCAGGGACTCAGCTGTGTACTTCTGTGCCAGCAGTTACGTCTATCAGCCCCAGCATTTTGGTGAT	CASSYVYQPQHF	1	0.00254388	36	TCRBV12	TCRBV12	unresolved			"TCRBV12-03,TCRBV12-04"		unresolved		unresolved		"TCRBD01,TCRBD02"	"TCRBD01-01,TCRBD02-01"		TCRBJ01-05*01	TCRBJ01	TCRBJ01-05	1				4	0	3	7	4	5	45	-1	58	60	64	1	In	VDJ							0
GATCCAGCGCACAGAGCAGGGGGACTCGGCCATGTATCTCTGTGCCAGCAGCCTAACAGGGGGCCTCAGCCCCAGCATTTTGGTGAT		1	0.00254388	41	TCRBV07-09	TCRBV07	TCRBV07-09				"01,03"	TCRBD01-01*01	TCRBD01	TCRBD01-01	1				TCRBJ01-05*01	TCRBJ01	TCRBJ01-05	1				5	3	3	0	1	6	40	52	55	64	65	1	Out	VDJ							0
ACCAGTGCCCATCCTGAAGACAGCAGCTTCTACATCTGCAGCCCGATACCGACCGGGTCCTCCAGTCAGCCCCAGCATTTTGGTGAT	CSPIPTGSSSQPQHF	1	0.00254388	45	TCRBV20	TCRBV20	unresolved			"TCRBV20-01,TCRBV20-or09_02"		TCRBD02-01	TCRBD02	TCRBD02-01				"01,02"	TCRBJ01-05*01	TCRBJ01	TCRBJ01-05	1				9	12	8	4	8	6	36	41	53	57	65	1	In	VDJ							0
CTGGAGTCCGCCAGCACCAACCAGACATCTATGTACCTCTGTGCCGGCCAAACAGGGGGCAAGAGTCAGCCCCAGCATTTTGGTGAT	CAGQTGGKSQPQHF	1	0.00254388	42	TCRBV28-01*01	TCRBV28	TCRBV28-01	1				TCRBD01-01*01	TCRBD01	TCRBD01-01	1				TCRBJ01-05*01	TCRBJ01	TCRBJ01-05	1				11	6	3	0	5	6	39	45	51	60	65	1	In	VDJ							0
ACTGTGACATCGGCCCAAAAGAACCCGACAGCTTTCTATCTCTGTGCCAGTGAGGCAGGGTTAGGTCAGCCCCAGCATTTTGGTGAT	CASEAGLGQPQHF	1	0.00254388	39	TCRBV19-01	TCRBV19	TCRBV19-01				"01,02"	TCRBD01-01*01	TCRBD01	TCRBD01-01	1				TCRBJ01-05*01	TCRBJ01	TCRBJ01-05	1				8	4	4	3	5	6	42	51	55	60	65	1	In	VDJ							0
GAGTCCGCCAGCACCAACCAGACATCTATGTACCTCTGTGCCAGCAGTTTAGGAGGGATTAGGGGTCAGCCCCAGCATTTTGGTGAT	CASSLGGIRGQPQHF	1	0.00254388	45	TCRBV28-01*01	TCRBV28	TCRBV28-01	1				TCRBD02-01*02	TCRBD02	TCRBD02-01	2				TCRBJ01-05*01	TCRBJ01	TCRBJ01-05	1				2	0	10	0	8	6	36	-1	51	57	65	1	In	VDJ							0
ATCCAGCCCTCAGAACCCAGGGACTCAGCTGTGTACTTCTGTGCCAGCAGCCTACAGGGGTTGGGTCAGCCCCAGCATTTTGGTGAT	CASSLQGLGQPQHF	1	0.00254388	42	TCRBV12	TCRBV12	unresolved			"TCRBV12-03,TCRBV12-04"		TCRBD01-01*01	TCRBD01	TCRBD01-01	1				TCRBJ01-05*01	TCRBJ01	TCRBJ01-05	1				6	3	3	2	5	6	39	50	53	60	65	1	In	VDJ							0
GCACAGAGCAGGGGGACTCAGCTGTGTATCTCTGTGCCAGCAGCGGAGACAGGGGGCCCTATTTGAAGGCCCCAGCATTTTGGTGAT		1	0.00254388	49	TCRBV07-04*01	TCRBV07	TCRBV07-04	1				TCRBD01-01*01	TCRBD01	TCRBD01-01	1				TCRBJ01-05*01	TCRBJ01	TCRBJ01-05	1				5	3	2	0	11	9	32	44	47	57	68	1	Out	VDJ							0
GTGACATCGGCCCAAAAGAACCCGACAGCTTTCTATCTCTGTGCCAGTAGTACCGGGACAGTCAGAGGGCCCCAGCATTTTGGTGAT	CASSTGTVRGPQHF	1	0.00254388	42	TCRBV19-01	TCRBV19	TCRBV19-01				"01,02"	TCRBD01-01*01	TCRBD01	TCRBD01-01	1				TCRBJ01-05*01	TCRBJ01	TCRBJ01-05	1				4	2	0	5	7	9	39	52	54	61	68	1	In	VDJ							0
ATTCTGGAGTCCGCCAGCACCAACCAGACATCTATGTACCTCTGTGCCAGCAGTTTACAGGGTCTTTGGCCCCAGCATTTTGGTGAT	CASSLQGLWPQHF	1	0.00254388	39	TCRBV28-01*01	TCRBV28	TCRBV28-01	1				TCRBD01-01*01	TCRBD01	TCRBD01-01	1				TCRBJ01-05*01	TCRBJ01	TCRBJ01-05	1				2	0	4	3	6	9	42	-1	57	62	68	1	In	VDJ							0
AATGTGAACGCCTTGTTGCTGGGGGACTCGGCCCTGTATCTCTGTGCCAGCAGCTTGGAGCGCTTTCGGGCCCAGCATTTTGGTGAT	CASSLERFRAQHF	1	0.00254388	39	TCRBV05-05*01	TCRBV05	TCRBV05-05	1				TCRBD02-01	TCRBD02	TCRBD02-01				"01,02"	TCRBJ01-05*01	TCRBJ01	TCRBJ01-05	1				0	0	6	6	8	11	42	-1	58	62	70	1	In	VDJ							0
AAGATCCAGCCCTCAGAACCCAGGGACTCAGCTGTGTACTTCTGTGCCAGCAGCGAGACAGGGGATCGGCTCCAGCATTTTGGTGAT	CASSETGDRLQHF	1	0.00254388	39	TCRBV12	TCRBV12	unresolved			"TCRBV12-03,TCRBV12-04"		TCRBD01-01*01	TCRBD01	TCRBD01-01	1				TCRBJ01-05*01	TCRBJ01	TCRBJ01-05	1				6	3	2	2	7	12	42	53	56	64	71	1	In	VDJ							0
TCGCCCAGCCCCAACCAGACCTCTCTGTACTTCTGTGCCAGCAGTTTAAAGGGGGCGCATACGGAAGAAAAACTGTTTTTTGGCAGT	CASSLKGAHTEEKLFF	1	0.00254388	48	TCRBV27-01*01	TCRBV27	TCRBV27-01	1				TCRBD01-01*01	TCRBD01	TCRBD01-01	1				TCRBJ01-04*01	TCRBJ01	TCRBJ01-04	1				2	1	5	0	10	8	33	48	49	56	66	1	In	VDJ							0
CGATCCAGCGCACAGAGCAGCGGGACTCGGCCATGTATCGCTGTGCCAGCCGGTGGCAGCCGGTACGAAAAACTGTTTTTTGGCAGT		1	0.00254388	40	TCRBV07-06*01	TCRBV07	TCRBV07-06	1				unresolved		unresolved		"TCRBD01,TCRBD02"	"TCRBD01-01,TCRBD02-01"		TCRBJ01-04*01	TCRBJ01	TCRBJ01-04	1				8	6	4	5	7	8	41	50	56	59	66	1	Out	VDJ							0
GCCCTGCAGCCAGAAGACTCAGCCCTGTATCTCTGCGCCAGCAGCCAAGATCGTAGCGAGGGGCCCGAAAAACTGTTTTTTGGCAGT	CASSQDRSEGPEKLFF	1	0.00254388	48	TCRBV04-01*01	TCRBV04	TCRBV04-01	1				unresolved		unresolved		"TCRBD01,TCRBD02"	"TCRBD01-01,TCRBD02-01"		TCRBJ01-04*01	TCRBJ01	TCRBJ01-04	1				0	8	5	2	3	8	33	50	58	63	66	1	In	VDJ							0
GCCCATCCTGAAGACAGCAGCTTCTACATCTGCAGTGCTACCCGCGGCAGGCTATCTTCAAAGCCGGAAAAACTGTTTTTTGGCAGT	CSATRGRLSSKPEKLFF	1	0.00254388	51	TCRBV20	TCRBV20	unresolved			"TCRBV20-01,TCRBV20-or09_02"		unresolved		unresolved		"TCRBD01,TCRBD02"	"TCRBD01-01,TCRBD02-01"		TCRBJ01-04*01	TCRBJ01	TCRBJ01-04	1				4	7	4	4	15	8	30	40	47	51	66	1	In	VDJ							0
CATCCTGAGGATCCAGCAGGTAGTGCGAGGAGATTCGGCAGCTTATTTCTGTGCCAGCTCACCTGGGAAAAACTGTTTTTTGGCAGT		1	0.00254388	32	TCRBV18-01*01	TCRBV18	TCRBV18-01	1				unresolved		unresolved		"TCRBD01,TCRBD02"	"TCRBD01-01,TCRBD02-01"		TCRBJ01-04*01	TCRBJ01	TCRBJ01-04	1				3	1	0	10	0	8	49	63	64	-1	66	1	Out	VDJ							0
CCCTCAGAACCCAGGGACTCAGCTGTGTATTTTTGTGCTAGTGGTTTCGGTCCCGGGGCCCCAAATGAAAAACTGTTTTTTGGCAGT	CASGFGPGAPNEKLFF	1	0.00254388	48	TCRBV12-05*01	TCRBV12	TCRBV12-05	1				unresolved		unresolved		"TCRBD01,TCRBD02"	"TCRBD01-01,TCRBD02-01"		TCRBJ01-04*01	TCRBJ01	TCRBJ01-04	1				3	7	7	0	4	5	33	47	54	59	63	1	In	VDJ							0
CACGCCCTGCAGCCAGAAGACTCAGCCCTGTATCTCTGCGCCAGCAGCCAGACAGGGCTTTTAAATGAAAAACTGTTTTTTGGCAGT	CASSQTGLLNEKLFF	1	0.00254388	45	TCRBV04-01*01	TCRBV04	TCRBV04-01	1				TCRBD01-01*01	TCRBD01	TCRBD01-01	1				TCRBJ01-04*01	TCRBJ01	TCRBJ01-04	1				3	0	2	3	6	5	36	-1	50	57	63	1	In	VDJ							0
GAGATCCAGCGCACAGAGCAGGGGGACTCGGCCATGTATCTCTGTGCCAGCAAACTGGACAGGAATGAAAAACTGTTTTTTGGCAGT	CASKLDRNEKLFF	1	0.00254388	39	TCRBV07-09	TCRBV07	TCRBV07-09				"01,03"	TCRBD01-01*01	TCRBD01	TCRBD01-01	1				TCRBJ01-04*01	TCRBJ01	TCRBJ01-04	1				7	4	1	4	0	5	42	52	56	-1	63	1	In	VDJ							0
ACCCTGCAGCCAGAAGACTCGGCCCTGTATCTCTGCGCCAGCAGCCAAGATGAGGCAGGGCGGAATGAAAAACTGTTTTTTGGCAGT	CASSQDEAGRNEKLFF	1	0.00254388	48	TCRBV04-03*01	TCRBV04	TCRBV04-03	1				TCRBD01-01*01	TCRBD01	TCRBD01-01	1				TCRBJ01-04*01	TCRBJ01	TCRBJ01-04	1				0	5	4	3	3	5	33	50	55	60	63	1	In	VDJ							0
CTGGAGTCAGCTACCCGCTCCCAGACATCTGTGTATTTCTGCGCCAGCAGTGAGGGGCAAACTAATGAAAAACTGTTTTTTGGCAGT	CASSEGQTNEKLFF	1	0.00254388	42	TCRBV10-02*01	TCRBV10	TCRBV10-02	1				TCRBD01-01*01	TCRBD01	TCRBD01-01	1				TCRBJ01-04*01	TCRBJ01	TCRBJ01-04	1				2	0	8	0	1	1	39	-1	54	58	59	1	In	VDJ							0
AGTGCCCATCCTGAAGACAGCAGCTTCTACATCTGCAGTGCTAGAGATGACTTTAGGCCAACTAATGAAAAACTGTTTTTTGGCAGT	CSARDDFRPTNEKLFF	1	0.00254388	48	TCRBV20	TCRBV20	unresolved			"TCRBV20-01,TCRBV20-or09_02"		TCRBD02-01	TCRBD02	TCRBD02-01				"01,02"	TCRBJ01-04*01	TCRBJ01	TCRBJ01-04	1				0	1	2	10	6	0	33	47	48	52	58	1	In	VDJ							0
ACTCTGGAGTCCGCTACCAGCTCCCAGACATCTGTGTACTTCTGTGCCTCCCAGGGGTTAACTAATGAAAAACTGTTTTTTGGCAGT	CASQGLTNEKLFF	1	0.00254388	39	TCRBV10-03*01	TCRBV10	TCRBV10-03	1				TCRBD01-01*01	TCRBD01	TCRBD01-01	1				TCRBJ01-04*01	TCRBJ01	TCRBJ01-04	1				11	3	4	2	2	1	42	48	51	57	59	1	In	VDJ							0
GCTCTCTGGAGCTGGGGGACTCAGCTTTGTATTTCTGTGCCAGCAGCGGGTTACAGGCCACCTAATGAAAAACTGTTTTTTGGCAGT		1	0.00254388	46	TCRBV09-01	TCRBV09	TCRBV09-01				"01,02"	TCRBD01-01*01	TCRBD01	TCRBD01-01	1				TCRBJ01-04*01	TCRBJ01	TCRBJ01-04	1				3	4	3	4	4	3	35	48	52	57	61	1	Out	VDJ							0
GTGAACGCCTTGTTGCTGGGGGACTCGGCCCTCTATCTCTGTGCCAGCAGCTCGGGACAGCCTAATGAAAAACTGTTTTTTGGCAGT	CASSSGQPNEKLFF	1	0.00254388	42	TCRBV05-06*01	TCRBV05	TCRBV05-06	1				TCRBD01-01*01	TCRBD01	TCRBD01-01	1				TCRBJ01-04*01	TCRBJ01	TCRBJ01-04	1				3	1	0	5	1	3	39	52	53	60	61	1	In	VDJ							0
GTGACATCGGCCCAAAAGAACCCGACAGCTTTCTATCTCTGTGCCAGTAGTGAGGGGGAAGCTAATGAAAAACTGTTTTTTGGCAGT	CASSEGEANEKLFF	1	0.00254388	42	TCRBV19-01	TCRBV19	TCRBV19-01				"01,02"	TCRBD01-01*01	TCRBD01	TCRBD01-01	1				TCRBJ01-04*01	TCRBJ01	TCRBJ01-04	1				5	1	5	1	3	3	39	51	52	58	61	1	In	VDJ							0
AGGATCCAGCAGGTAGTGCGAGGAGATTCGGCAGCTTATTTCTGTGCCAGCTCTCCGGGATCTAATGAAAAACTGTTTTTTGGCAGT	CASSPGSNEKLFF	1	0.00254388	39	TCRBV18-01*01	TCRBV18	TCRBV18-01	1				TCRBD02-01*02	TCRBD02	TCRBD02-01	2				TCRBJ01-04*01	TCRBJ01	TCRBJ01-04	1				6	2	8	3	1	3	42	53	55	60	61	1	In	VDJ							0
AGCACCTTGGAGCTGGGGGACTCGGCCCTTTATCTTTGCGCCAGCAGCTTGGCCCGGGGGTCTAATGAAAAACTGTTTTTTGGCAGT	CASSLARGSNEKLFF	1	0.00254388	45	TCRBV05-01*01	TCRBV05	TCRBV05-01	1				TCRBD02-01*01	TCRBD02	TCRBD02-01	1				TCRBJ01-04*01	TCRBJ01	TCRBJ01-04	1				0	2	8	2	1	3	36	52	54	60	61	1	In	VDJ							0
CAGCGCACAGAGCAGGGGGACTCGGCCATGTATCTCTGTGCCAGCAGCTCGCAGGGGGGCATTAATGAAAAACTGTTTTTTGGCAGT	CASSSQGGINEKLFF	1	0.00254388	45	TCRBV07-09	TCRBV07	TCRBV07-09				"01,03"	TCRBD01-01*01	TCRBD01	TCRBD01-01	1				TCRBJ01-04*01	TCRBJ01	TCRBJ01-04	1				4	2	4	1	4	4	36	49	51	58	62	1	In	VDJ							0
CCAGCAGGTAGTGCGAGGAGATTCGGCAGCTTATTTCTGTGCCAGCTCACCAGTAGGGGGGTTAATGAAAAACTGTTTTTTGGCAGT		1	0.00254388	44	TCRBV18-01*01	TCRBV18	TCRBV18-01	1				unresolved		unresolved		"TCRBD01,TCRBD02"	"TCRBD01-01,TCRBD02-01"		TCRBJ01-04*01	TCRBJ01	TCRBJ01-04	1				2	2	5	1	2	4	37	52	54	60	62	1	Out	VDJ							0
CCAGAAGACTCAGCCCTGTATCTCTGCGCCAGCAGCCAAGACCGACCCACCCTTGGGGGCGGGCATGAAAAACTGTTTTTTGGCAGT	CASSQDRPTLGGGHEKLFF	1	0.00254388	57	TCRBV04-01*01	TCRBV04	TCRBV04-01	1				TCRBD01-01*01	TCRBD01	TCRBD01-01	1				TCRBJ01-04*01	TCRBJ01	TCRBJ01-04	1				0	13	6	0	4	6	24	41	54	60	64	1	In	VDJ							0
CAGCGCACAGAGCAGGGGGACTCGGCCATGTATCTCTGTGCCAGCAGCTTAGCCGCAGGGGGCGGTGAAAAACTGTTTTTTGGCAGT	CASSLAAGGGEKLFF	1	0.00254388	45	TCRBV07-09	TCRBV07	TCRBV07-09				"01,03"	TCRBD01-01*01	TCRBD01	TCRBD01-01	1				TCRBJ01-04*01	TCRBJ01	TCRBJ01-04	1				0	2	4	0	2	7	36	53	55	63	65	1	In	VDJ							0
GCAAAGCTTGAGGACTCGGCCGTGTATCTCTGTGCCAGCAGCCACCGGGACGACTTTGCACTCAGGGGAAAACTGTTTTTTGGCAGT	CASSHRDDFALRGKLFF	1	0.00254388	51	TCRBV11-02*02	TCRBV11	TCRBV11-02	2				TCRBD01-01*01	TCRBD01	TCRBD01-01	1				TCRBJ01-04*01	TCRBJ01	TCRBJ01-04	1				5	20	4	2	0	10	30	42	62	-1	68	1	In	VDJ							0
ATCCGCTCACCAGGCCTGGGGGACGCAGCCATGTACCTGTGTGCCACCAGCAGAGTTGGGGGTTCTGGAAAACTGTTTTTTGGCAGT	CATSRVGGSGKLFF	1	0.00254388	42	TCRBV15-01*01	TCRBV15	TCRBV15-01	1				unresolved		unresolved		"TCRBD01,TCRBD02"	"TCRBD01-01,TCRBD02-01"		TCRBJ01-04*01	TCRBJ01	TCRBJ01-04	1				1	2	6	1	6	10	39	55	57	62	68	1	In	VDJ							0
GAGATGAATGTGAGCACCTTGGAGCTGGGGGACTCGGCCCTTTATCTTTGCGCCAGCAGCTTGGGGGGAATCGATTTCTTTGGACAA	CASSLGGIDFF	1	0.00254388	33	TCRBV05-01*01	TCRBV05	TCRBV05-01	1				unresolved		unresolved		"TCRBD01,TCRBD02"	"TCRBD01-01,TCRBD02-01"		TCRBJ01-01*01	TCRBJ01	TCRBJ01-01	1				0	1	0	8	5	13	48	64	65	69	74	1	In	VDJ							0
AAGATCCAGCCCTCAGAACCCAGGGACTCAGCTGTGTACTTCTGTGCCAGCAGTCCCGGGACAGGGACGGAAGCTTTCTTTGGACAA	CASSPGTGTEAFF	1	0.00254388	39	TCRBV12	TCRBV12	unresolved			"TCRBV12-03,TCRBV12-04"		TCRBD01-01*01	TCRBD01	TCRBD01-01	1				TCRBJ01-01*01	TCRBJ01	TCRBJ01-01	1				5	3	0	3	3	8	42	54	57	66	69	1	In	VDJ							0
CAGCGCACAGAGCAGGGGGACTCGGCCATGTATCTCTGTGCCAGCAGCTTCCGGGACAGGGTAAATAGGGAAGCTTTCTTTGGACAA	CASSFRDRVNREAFF	1	0.00254388	45	TCRBV07-09	TCRBV07	TCRBV07-09				"01,03"	TCRBD01-01*01	TCRBD01	TCRBD01-01	1				TCRBJ01-01*01	TCRBJ01	TCRBJ01-01	1				3	2	0	3	8	8	36	50	52	61	69	1	In	VDJ							0
GTGAACGCCTTGTTGCTGGGGGACTCGGCCCTCTATCTCTGTGCCAGCAGCTCAGACAGGGGGCCCAATGAAGCTTTCTTTGGACAA	CASSSDRGPNEAFF	1	0.00254388	42	TCRBV05-06*01	TCRBV05	TCRBV05-06	1				TCRBD01-01*01	TCRBD01	TCRBD01-01	1				TCRBJ01-01*01	TCRBJ01	TCRBJ01-01	1				3	2	2	0	4	7	39	52	54	64	68	1	In	VDJ							0
CTGAGCTCTCTGGAGCTGGGGGACTCAGCTTTGTATTTCTGTGCCAGCAGCCCGGGTAGTTGGGTAACTGAAGCTTTCTTTGGACAA	CASSPGSWVTEAFF	1	0.00254388	42	TCRBV09-01	TCRBV09	TCRBV09-01				"01,02"	TCRBD02-01	TCRBD02	TCRBD02-01				"01,02"	TCRBJ01-01*01	TCRBJ01	TCRBJ01-01	1				4	1	8	4	10	5	39	51	52	56	66	1	In	VDJ							0
ACACAGCAGGAGGACTCGGCCGTGTATCTCTGTGCCAGCAGCTCGACAACATTCAGGGCCCGAAACACTGAAGCTTTCTTTGGACAA	CASSSTTFRARNTEAFF	1	0.00254388	51	TCRBV07-02*01	TCRBV07	TCRBV07-02	1				TCRBD01-01*01	TCRBD01	TCRBD01-01	1				TCRBJ01-01*01	TCRBJ01	TCRBJ01-01	1				4	10	4	3	5	2	30	43	53	58	63	1	In	VDJ							0
AGCTCTCTGGAGCTGGGGGACTCAGCTTTGTATTTCTGTGCCAGCAGCGTCTCGGGACAGGGAAACACTGAAGCTTTCTTTGGACAA	CASSVSGQGNTEAFF	1	0.00254388	45	TCRBV09-01	TCRBV09	TCRBV09-01				"01,02"	TCRBD01-01*01	TCRBD01	TCRBD01-01	1				TCRBJ01-01*01	TCRBJ01	TCRBJ01-01	1				2	3	0	3	1	2	36	50	53	62	63	1	In	VDJ							0
CTGGAGTCGCCCAGCCCCAACCAGACCTCTCTGTACTTCTGTGCCAGCAGTCCTCGGGACTCCAACACTGAAGCTTTCTTTGGACAA	CASSPRDSNTEAFF	1	0.00254388	42	TCRBV27-01*01	TCRBV27	TCRBV27-01	1				TCRBD02-01	TCRBD02	TCRBD02-01				"01,02"	TCRBJ01-01*01	TCRBJ01	TCRBJ01-01	1				5	4	0	10	2	2	39	51	55	61	63	1	In	VDJ							0
GAAGATCCAGCGCACAGAGCAAGGGCGACTCGGCTGTGTATCTCTGTGTCAGAAGCGGGTAAGAACACTGAAGCTTTCTTTGGACAA		1	0.00254388	37	TCRBV07-05*02	TCRBV07	TCRBV07-05	2				unresolved		unresolved		"TCRBD01,TCRBD02"	"TCRBD01-01,TCRBD02-01"		TCRBJ01-01*01	TCRBJ01	TCRBJ01-01	1				5	0	0	9	3	1	44	-1	56	59	62	1	Out	VDJ							0
TCCAGTCCACGGAGTCAGGGGACACAGCACTGTATTTCTGTGCCAGCAGCAAACGCGGGGTAGAACACTGAAGCTTTCTTTGGACAA		1	0.00254388	43	TCRBV21-01*01	TCRBV21	TCRBV21-01	1				TCRBD02-01*01	TCRBD02	TCRBD02-01	1				TCRBJ01-01*01	TCRBJ01	TCRBJ01-01	1				2	1	7	3	2	1	38	53	54	60	62	1	Out	VDJ							0
CACCTACACGCCCTGCAGCCAGAAGACTCAGCCCTGTATCTCTGCGCCAGCAGTTTACAGACGAACACTGAAGCTTTCTTTGGACAA	CASSLQTNTEAFF	1	0.00254388	39	TCRBV04-01*01	TCRBV04	TCRBV04-01	1				TCRBD01-01*01	TCRBD01	TCRBD01-01	1				TCRBJ01-01*01	TCRBJ01	TCRBJ01-01	1				6	3	3	5	2	1	42	53	56	60	62	1	In	VDJ							0
TTGGAGATCCAGCGCACAGAGCAGGGGGACTCGGCCATGTATCTCTGTGCCAGCAGCTTCCCGAACACTGAAGCTTTCTTTGGACAA	CASSFPNTEAFF	1	0.00254388	36	TCRBV07-09	TCRBV07	TCRBV07-09				"01,03"	unresolved		unresolved					TCRBJ01-01*01	TCRBJ01	TCRBJ01-01	1				3	0	0	0	3	1	45	-1	-1	59	62	1	In	VJ							0
GAGATCCAGCGCACAGAGCAGGGGGACTCGGCCATGTATCTCTGTGCCAGCAGCTTCAGGGCGAACACTGAAGCTTTCTTTGGACAA	CASSFRANTEAFF	1	0.00254388	39	TCRBV07-09	TCRBV07	TCRBV07-09				"01,03"	TCRBD01-01*01	TCRBD01	TCRBD01-01	1				TCRBJ01-01*01	TCRBJ01	TCRBJ01-01	1				3	0	4	3	1	1	42	-1	56	61	62	1	In	VDJ							0
AAGATCCAGCCCTCAGAACCCAGGGACTCAGCTGTGTACTTCTGTGCCAGCAGTTGGCAGAGGAACACTGAAGCTTTCTTTGGACAA	CASSWQRNTEAFF	1	0.00254388	39	TCRBV12	TCRBV12	unresolved			"TCRBV12-03,TCRBV12-04"		unresolved		unresolved		"TCRBD01,TCRBD02"	"TCRBD01-01,TCRBD02-01"		TCRBJ01-01*01	TCRBJ01	TCRBJ01-01	1				4	2	4	5	2	1	42	55	57	60	62	1	In	VDJ							0
GCTGGGGGACTCGGCCCTTTATCTTTGCGCCAGCAGCTTGGCCGGATAAACGGGACGGGACGGAACACTGAAGCTTTCTTTGGACAA		1	0.00254388	56	TCRBV05-01*01	TCRBV05	TCRBV05-01	1				unresolved		unresolved		"TCRBD01,TCRBD02"	"TCRBD01-01,TCRBD02-01"		TCRBJ01-01*01	TCRBJ01	TCRBJ01-01	1				0	10	0	7	6	1	25	41	51	56	62	1	Out	VDJ							0
CGGCTGCTCCCTCCCAGACATCTGTGTACTTCTGTGCCAGCAGTGGAGACCACCGCACACCGGAACACTGAAGCTTTCTTTGGACAA		1	0.00254388	49	TCRBV06-01*01	TCRBV06	TCRBV06-01	1				unresolved		unresolved		"TCRBD01,TCRBD02"	"TCRBD01-01,TCRBD02-01"		TCRBJ01-01*01	TCRBJ01	TCRBJ01-01	1				4	2	2	7	12	1	32	45	47	50	62	1	Out	VDJ							0
GTGAACGCCTTGGAGCTGGACGACTCGGCCCTGTATCTCTGTGCCAGCAGCCAGCCGGGTCGGAACACTGAAGCTTTCTTTGGACAA	CASSQPGRNTEAFF	1	0.00254388	42	TCRBV05-04*01	TCRBV05	TCRBV05-04	1				TCRBD02-01	TCRBD02	TCRBD02-01				"01,02"	TCRBJ01-01*01	TCRBJ01	TCRBJ01-01	1				4	4	8	4	3	1	39	51	55	59	62	1	In	VDJ							0