nucleotide	aminoAcid	count (templates)	frequencyCount (%)	cdr3Length	vMaxResolved	vFamilyName	vGeneName	vGeneAllele	vFamilyTies	vGeneNameTies	vGeneAlleleTies	dMaxResolved	dFamilyName	dGeneName	dGeneAllele	dFamilyTies	dGeneNameTies	dGeneAlleleTies	jMaxResolved	jFamilyName	jGeneName	jGeneAllele	jFamilyTies	jGeneNameTies	jGeneAlleleTies	vDeletion	n1Insertion	d5Deletion	d3Deletion	n2Insertion	jDeletion	vIndex	n1Index	dIndex	n2Index	jIndex	estimatedNumberGenomes	sequenceStatus	cloneResolved	vOrphon	dOrphon	jOrphon	vFunction	dFunction	jFunction	fractionNucleated
GTGACCAGTGCCCATCCTGAAGACAGCAGCTTCTACATCTGCAGTGGTAACCCTAGCGGGGGTTTGAGCCCGCAGTACTTCGGGCCG	CSGNPSGGLSPQYF	4	3.125	42	TCRBV20	TCRBV20	unresolved			TCRBV20-01,TCRBV20-or09_02		TCRBD02-01*01	TCRBD02	TCRBD02-01	01				TCRBJ02-07*01	TCRBJ02	TCRBJ02-07	01				7	6	4	2	9	9	39	46	52	62	71	4	In	VDJ							0.00
CACACCCTGCAGCCAGAAGACTCGGCCCTGTATCTCTGTGCCAGCAGCCAAGTCCCTGAGGGGACCTATGGCTACACCTTCGGTTCG	CASSQVPEGTYGYTF	3	2.34375	45	TCRBV04-02*01	TCRBV04	TCRBV04-02	01				unresolved		unresolved		TCRBD01,TCRBD02	TCRBD01-01,TCRBD02-01		TCRBJ01-02*01	TCRBJ01	TCRBJ01-02	01				1	8	0	7	0	4	36	52	60	-1	65	3	In	VDJ							0.00
CACACCCTGCAGCCAGAAGACTCGGCCCTGTATCTCTGTGCCAGCAGAGTAGCGGGGGGAACCTACAATGAGCAGTTCTTCGGGCCA	CASRVAGGTYNEQFF	3	2.34375	45	TCRBV04-02*01	TCRBV04	TCRBV04-02	01				TCRBD02-01*01	TCRBD02	TCRBD02-01	01				TCRBJ02-01*01	TCRBJ02	TCRBJ02-01	01				6	2	5	1	2	2	36	47	49	59	61	3	In	VDJ							0.00
ACAGAGCAGCGGGACTCGGCCATGTATCGCTGTGCCAGCAGCTGTCCACTGTCACAAAGTCGGGCCAACGTCCTGACTTTCGGGGCC	CASSCPLSQSRANVLTF	2	1.5625	51	TCRBV07-06*01	TCRBV07	TCRBV07-06	01				unresolved		unresolved		TCRBD01,TCRBD02	TCRBD01-01,TCRBD02-01		TCRBJ02-06*01	TCRBJ02	TCRBJ02-06	01				4	10	3	6	5	5	30	43	53	56	61	2	In	VDJ							0.00
CACAGCAGGAGGACTCGGCCGTGTATCTCTGTGCCAGCAGCGAATGACTGACGACAAAGTCGGGCCAACGTCCTGACTTTCGGGGCC		2	1.5625	52	TCRBV07-02*01	TCRBV07	TCRBV07-02	01				unresolved		unresolved		TCRBD01,TCRBD02	TCRBD01-01,TCRBD02-01		TCRBJ02-06*01	TCRBJ02	TCRBJ02-06	01				5	11	2	6	5	5	29	41	52	56	61	2	Out	VDJ							0.00
ATCCTGAGTTCTAAGAAGCTCCTTCTCAGTGACTCTGGCTTCTATCTCTGTGCCTGGAGTGGTAGGGGCGAGCAGTACTTCGGGCCG	CAWSGRGEQYF	2	1.5625	33	TCRBV30-01*01	TCRBV30	TCRBV30-01	01				TCRBD01-01*01	TCRBD01	TCRBD01-01	01				TCRBJ02-07*01	TCRBJ02	TCRBJ02-07	01				1	2	5	2	0	6	48	61	63	-1	68	2	In	VDJ							0.00
ATCCTGGAGTCGCCCAGCCCCAACCAGACCTCTCTGTACTTCTGTGCCAGCAGTTTGCCCAATGCGGAGACCCAGTACTTCGGGCCA	CASSLPNAETQYF	2	1.5625	39	TCRBV27-01*01	TCRBV27	TCRBV27-01	01				TCRBD02-01	TCRBD02	TCRBD02-01				01,02	TCRBJ02-05*01	TCRBJ02	TCRBJ02-05	01				3	7	7	6	0	5	42	56	63	-1	66	2	In	VDJ							0.00
ATCCTGGAGTCGCCCAGCCCCAACCAGACCTCTCTGTACTTCTGTGCCAGCAGTTCCTCTGGGGCCAACGTCCTGACTTTCGGGGCC	CASSSSGANVLTF	2	1.5625	39	TCRBV27-01*01	TCRBV27	TCRBV27-01	01				unresolved		unresolved					TCRBJ02-06*01	TCRBJ02	TCRBJ02-06	01				4	0	0	0	1	0	42	-1	-1	55	56	2	In	VJ							0.00
AGCGCACAGAGCAGCGGGACTCGGCCATGTATCGCTGTGCCAGCAGCAATCTCACAAAGTCGGGCCAACGTCCTGACTTTCGGGGCC		2	1.5625	46	TCRBV07-06*01	TCRBV07	TCRBV07-06	01				TCRBD01-01*01	TCRBD01	TCRBD01-01	01				TCRBJ02-06*01	TCRBJ02	TCRBJ02-06	01				5	6	3	6	5	5	35	47	53	56	61	2	Out	VDJ							0.00
CCTGGAGCTTGGTGACTCTGCTGTGTATTTCTGTGCCAGCAGCCAGTATTTCAGGCGAGCTCCTACAATGAGCAGTTCTTCGGGCCA		2	1.5625	50	TCRBV03	TCRBV03	unresolved			TCRBV03-01,TCRBV03-02		TCRBD01-01*01	TCRBD01	TCRBD01-01	01				TCRBJ02-01*01	TCRBJ02	TCRBJ02-01	01				3	6	4	4	4	0	31	45	51	55	59	2	Out	VDJ							0.00
CTGGAGCTTGGTGACTCTGCTGTGTATTTCTGTGCCAGCAGCGTGCAGCGCATTTCAGGCTTGACCGGGGAGCTGTTTTTTGGAGAA	CASSVQRISGLTGELFF	2	1.5625	51	TCRBV03	TCRBV03	unresolved			TCRBV03-01,TCRBV03-02		unresolved		unresolved		TCRBD01,TCRBD02	TCRBD01-01,TCRBD02-01		TCRBJ02-02*01	TCRBJ02	TCRBJ02-02	01				5	13	4	4	4	5	30	42	55	59	63	2	In	VDJ							0.00
CTGAAGATCCAGCCCTCAGAACCCAGGGACTCAGCTGTGTATTTTTGTGCTAGTGGCCCCTCGCGGGAGACCCAGTACTTCGGGCCA	CASGPSRETQYF	1	0.78125	36	TCRBV12-05*01	TCRBV12	TCRBV12-05	01				TCRBD02-01	TCRBD02	TCRBD02-01				01,02	TCRBJ02-05*01	TCRBJ02	TCRBJ02-05	01				6	6	7	5	0	5	45	56	62	-1	66	1	In	VDJ							0.00
CAGCACCAACCAGACATCTATGTACCTCTGTGCCAGCAGTTTAGGCAGGGACTCACTCTGTGGGGAAACACCATATATTTTGGAGAG		1	0.78125	53	TCRBV28-01*01	TCRBV28	TCRBV28-01	01				TCRBD02-01	TCRBD02	TCRBD02-01				01,02	TCRBJ01-03*01	TCRBJ01	TCRBJ01-03	01				2	4	0	10	10	4	28	43	47	53	63	1	Out	VDJ							0.00
ACCCTGCAGCCAGAAGACTCGGCCCTGTATCTCTGCGCCAGCAGCCAAGACAGGACTGGAAGCACAGATACGCAGTATTTTGGCCCA	CASSQDRTGSTDTQYF	1	0.78125	48	TCRBV04-03*01	TCRBV04	TCRBV04-03	01				TCRBD02-01	TCRBD02	TCRBD02-01				01,02	TCRBJ02-03*01	TCRBJ02	TCRBJ02-03	01				0	2	1	10	3	0	33	50	52	57	60	1	In	VDJ							0.00
CTGGAGTCCGCCAGCACCAACCAGACATCTATGTACCTCTGTGCCAGCAAGGGACTAGCGGTCACAGATACGCAGTATTTTGGCCCA	CASKGLAVTDTQYF	1	0.78125	42	TCRBV28-01*01	TCRBV28	TCRBV28-01	01				TCRBD02-01	TCRBD02	TCRBD02-01				01,02	TCRBJ02-03*01	TCRBJ02	TCRBJ02-03	01				7	1	0	5	1	2	39	49	50	61	62	1	In	VDJ							0.00
ACATCGGCCCAAAAGAACCCGACAGCTTTCTATCTCTGTGCCAGTAGTATCTCGGCTAGCGGGAGCAATGAGCAGTTCTTCGGGCCA	CASSISASGSNEQFF	1	0.78125	45	TCRBV19-01	TCRBV19	TCRBV19-01				01,02	TCRBD02-01*02	TCRBD02	TCRBD02-01	02				TCRBJ02-01*01	TCRBJ02	TCRBJ02-01	01				3	5	4	2	0	6	36	50	55	-1	65	1	In	VDJ							0.00
GAGAGCAGCGCGACTGGCTCGGCCCTGTATCTCTGTGCCAGCATAGTGACCATACCAGGAAAGACCTATGGCTACACCTTCGGTTCG	CASIVTIPGKTYGYTF	1	0.78125	48	unresolved		unresolved		TCRBV04,TCRBV05	TCRBV04-02,TCRBV05-04,TCRBV05-05,TCRBV05-08		TCRBD01-01*01	TCRBD01	TCRBD01-01	01				TCRBJ01-02*01	TCRBJ01	TCRBJ01-02	01				7	12	4	4	6	4	33	43	55	59	65	1	In	VDJ							0.00
TCCACGGAGTCAGGGGACACAGCACTGTATTTCTGTGCCAGCAGTGATACTCTACATTGGCATCATCAGCCCCAGCATTTTGGTGAT	CASSDTLHWHHQPQHF	1	0.78125	48	TCRBV21-01*01	TCRBV21	TCRBV21-01	01				unresolved		unresolved		TCRBD01,TCRBD02	TCRBD01-01,TCRBD02-01		TCRBJ01-05*01	TCRBJ01	TCRBJ01-05	01				6	9	3	6	8	5	33	44	53	56	64	1	In	VDJ							0.00
CTGGAGTCCGCCAGCACCAACCAGACATCTATGTACCTCTGTGCCAGCAGTGGCCAGGGGGGGCTAAACATTCAGTACTTCGGCGCC	CASSGQGGLNIQYF	1	0.78125	42	TCRBV28-01*01	TCRBV28	TCRBV28-01	01				unresolved		unresolved		TCRBD01,TCRBD02	TCRBD01-01,TCRBD02-01		TCRBJ02-04*01	TCRBJ02	TCRBJ02-04	01				5	3	4	1	4	6	39	51	54	61	65	1	In	VDJ							0.00
ATCCAACGCACAGAGCAGGGGGACTCGGCCATGTATCTCTGTGCCAGCAGCCCTTCGGGGCCTAAAAACATTCAGTACTTCGGCGCC	CASSPSGPKNIQYF	1	0.78125	42	TCRBV07-09	TCRBV07	TCRBV07-09				01,03	unresolved		unresolved		TCRBD01,TCRBD02	TCRBD01-01,TCRBD02-01		TCRBJ02-04*01	TCRBJ02	TCRBJ02-04	01				5	5	7	0	2	4	39	51	56	61	63	1	In	VDJ							0.00
CAGAACTGGAGGATTCTGGAGTTTATTTCTGTGCCAGCAGCAAGCTGCAGTTGACAAAGTCGGGCCAACGTCCTGACTTTCGGGGCC		1	0.78125	52	TCRBV14-01*01	TCRBV14	TCRBV14-01	01				TCRBD01-01*01	TCRBD01	TCRBD01-01	01				TCRBJ02-06*01	TCRBJ02	TCRBJ02-06	01				5	11	2	6	5	5	29	41	52	56	61	1	Out	VDJ							0.00
ACCCTGGAGTCTACTAGCACCAGCCAGACCTCTGTACCTCTGTGGCAGTATAGAAGCCGAAAGACCTATGGCTACACCTTCGGTTCG	WQYRSRKTYGYTF	1	0.78125	39	TCRBV26	TCRBV26	unresolved			TCRBV26-or09_02,TCRBV26-01		unresolved		unresolved		TCRBD01,TCRBD02	TCRBD01-01,TCRBD02-01		TCRBJ01-02*01	TCRBJ01	TCRBJ01-02	01				30	33	2	7	0	4	42	29	62	-1	65	1	In	VDJ							0.00
ATCCAGCGCACAGAGCAGCGGGACTCGGCCATGTATCGCTGTGCCAGCAGCCCGGACAGGGGAGATCGCGAGCAGTACTTCGGGCCG	CASSPDRGDREQYF	1	0.78125	42	TCRBV07-06*01	TCRBV07	TCRBV07-06	01				TCRBD01-01*01	TCRBD01	TCRBD01-01	01				TCRBJ02-07*01	TCRBJ02	TCRBJ02-07	01				5	2	1	2	6	6	39	51	53	62	68	1	In	VDJ							0.00
GCCTTGGAGCTGGAGGACTCGGCCCTGTATCTCTGTGCCAGCAGCGACGAACCGGGACTAGCGGGAGATACGCAGTATTTTGGCCCA	CASSDEPGLAGDTQYF	1	0.78125	48	TCRBV05-08*01	TCRBV05	TCRBV05-08	01				TCRBD02-01	TCRBD02	TCRBD02-01				01,02	TCRBJ02-03*01	TCRBJ02	TCRBJ02-03	01				4	8	0	4	0	5	33	45	53	-1	65	1	In	VDJ							0.00
CAGCAGGTAGTGCGAGGAGATTCGGCAGCTTATTTCTGTGCCAGCTCACCAACTAGCGGGACCACAGATACGCAGTATTTTGGCCCA	CASSPTSGTTDTQYF	1	0.78125	45	TCRBV18-01*01	TCRBV18	TCRBV18-01	01				TCRBD02-01*02	TCRBD02	TCRBD02-01	02				TCRBJ02-03*01	TCRBJ02	TCRBJ02-03	01				2	0	3	3	1	2	36	-1	51	61	62	1	In	VDJ							0.00
CAGCGCACACAGCAGGAGGACTCGGCCGTGTATCTCTGTGCCAGCAGCTTACGGGTCGGGGGCAGAGATACGCAGTATTTTGGCCCA	CASSLRVGGRDTQYF	1	0.78125	45	TCRBV07-02*01	TCRBV07	TCRBV07-02	01				unresolved		unresolved		TCRBD01,TCRBD02	TCRBD01-01,TCRBD02-01		TCRBJ02-03*01	TCRBJ02	TCRBJ02-03	01				2	6	6	0	2	5	36	51	57	63	65	1	In	VDJ							0.00
CGGTCCACAAAGCTGGAGGACTCAGCCATGTACTTCTGTGCCAGCAGTTACGAGGGGGTTTTCACAGATACGCAGTATTTTGGCCCA	CASSYEGVFTDTQYF	1	0.78125	45	TCRBV02-01*01	TCRBV02	TCRBV02-01	01				TCRBD01-01*01	TCRBD01	TCRBD01-01	01				TCRBJ02-03*01	TCRBJ02	TCRBJ02-03	01				5	4	5	1	4	2	36	48	52	58	62	1	In	VDJ							0.00
GAGTCGGCTGCTCCCTCCCAAACATCTGTGTACTTCTGTGCCAGCAGCCGCAGCGGGAGTCTATACAATGAGCAGTTCTTCGGGCCA	CASSRSGSLYNEQFF	1	0.78125	45	TCRBV06	TCRBV06	unresolved			TCRBV06-02,TCRBV06-03		TCRBD02-01*02	TCRBD02	TCRBD02-01	02				TCRBJ02-01*01	TCRBJ02	TCRBJ02-01	01				6	4	6	2	4	4	36	47	51	59	63	1	In	VDJ							0.00
ACAGAGCAGGGGGACTCGGCCATGTATCTCTGTGCCAGCAGCTTCGGTCCTGGTAGCGGGTCCTCCTACGAGCAGTACTTCGGGCCG	CASSFGPGSGSSYEQYF	1	0.78125	51	TCRBV07-09	TCRBV07	TCRBV07-09				01,03	TCRBD02-01	TCRBD02	TCRBD02-01				01,02	TCRBJ02-07*01	TCRBJ02	TCRBJ02-07	01				3	9	5	4	2	0	30	44	53	60	62	1	In	VDJ							0.00
CTGGAGTCCGCTACCAGCTCCCAGACATCTGTGTACTTCTGTGCCATCAGTGGCGGGGGCTCCTACAATGAGCAGTTCTTCGGGCCA	CAISGGGSYNEQFF	1	0.78125	42	TCRBV10-03*01	TCRBV10	TCRBV10-03	01				TCRBD02-01*01	TCRBD02	TCRBD02-01	01				TCRBJ02-01*01	TCRBJ02	TCRBJ02-01	01				4	0	7	2	0	0	39	-1	52	-1	59	1	In	VDJ							0.00
ACTGTGACATCGGCCCAAAAGAACCCGACAGCTTTCTATCTCTGTGCCAGTAGTGCCGGAGGGTCCTACGAGCAGTACTTCGGGCCG	CASSAGGSYEQYF	1	0.78125	39	TCRBV19-01	TCRBV19	TCRBV19-01				01,02	TCRBD02-01*02	TCRBD02	TCRBD02-01	02				TCRBJ02-07*01	TCRBJ02	TCRBJ02-07	01				5	3	10	0	0	1	42	54	57	-1	63	1	In	VDJ							0.00
TGAACTAAACCTGAGCTCTCTGGAGCTGGGGGACTCAGCTTTGTATTTCTGTGCCAGGGACCTATAAAGACCCAGTACTTCGGGCCA		1	0.78125	32	TCRBV09-01	TCRBV09	TCRBV09-01				01,02	unresolved		unresolved		TCRBD01,TCRBD02	TCRBD01-01,TCRBD02-01		TCRBJ02-05*01	TCRBJ02	TCRBJ02-05	01				8	0	1	7	6	6	49	-1	57	61	67	1	Out	VDJ							0.00
AAGTTGGCCCACACCAGCCAAACAGCTTTGTACTTCTGTCCTGGGAGCCCATAAGCGAGAAAGACCTATGGCTACACCTTCGGTTCG	CPGSP*ARKTYGYTF	1	0.78125	45	TCRBV22-01*01	TCRBV22	TCRBV22-01	01				TCRBD02-01	TCRBD02	TCRBD02-01				01,02	TCRBJ01-02*01	TCRBJ01	TCRBJ01-02	01				4	5	6	6	8	4	36	48	53	57	65	1	Stop	VDJ							0.00
CCAGGCCTGGGGGACGCAGCCATGTACCTGTGTGCCACCAGCAGAGAATACCCTAGCGGGGGGCTCGATGAGCAGTTCTTCGGGCCA	CATSREYPSGGLDEQFF	1	0.78125	51	TCRBV15-01*01	TCRBV15	TCRBV15-01	01				TCRBD02-01*01	TCRBD02	TCRBD02-01	01				TCRBJ02-01*01	TCRBJ02	TCRBJ02-01	01				0	5	4	1	4	8	30	47	52	63	67	1	In	VDJ							0.00
GAACCCAGGGACTCAGCTGTGTATTTTTGTGCTAGTGGTCTCACTTGTGCAGGACAAAGTCGGGCCAACGTCCTGACTTTCGGGGCC	CASGLTCAGQSRANVLTF	1	0.78125	54	TCRBV12-05*01	TCRBV12	TCRBV12-05	01				TCRBD01-01*01	TCRBD01	TCRBD01-01	01				TCRBJ02-06*01	TCRBJ02	TCRBJ02-06	01				5	12	1	6	5	5	27	39	51	56	61	1	In	VDJ							0.00
CAGCGCACAGAGCGGGGGGACTCAGCCGTGTATCTCTGTGCCAGCAGCTTGGGACCCAGCTCCTACAATGAGCAGTTCTTCGGGCCA	CASSLGPSSYNEQFF	1	0.78125	45	TCRBV07-03*01	TCRBV07	TCRBV07-03	01				unresolved		unresolved		TCRBD01,TCRBD02	TCRBD01-01,TCRBD02-01		TCRBJ02-01*01	TCRBJ02	TCRBJ02-01	01				3	0	0	7	4	0	36	-1	50	55	59	1	In	VDJ							0.00
TTGGAGCTGGACGACTCGGCCCTGTATCTCTGTGCCAGCAGCTTGGGGGGTGGGGCGGAGAACACAGATACGCAGTATTTTGGCCCA	CASSLGGGAENTDTQYF	1	0.78125	51	TCRBV05-04*01	TCRBV05	TCRBV05-04	01				TCRBD01-01*01	TCRBD01	TCRBD01-01	01				TCRBJ02-03*01	TCRBJ02	TCRBJ02-03	01				0	5	7	0	6	2	30	46	51	56	62	1	In	VDJ							0.00
GCCCTGCAGCCAGAAGACTCAGCCCTGTATCTCTGCGCCAGCAGCCAAGACAAGTGGGACAGCACAGATACGCAGTATTTTGGCCCA	CASSQDKWDSTDTQYF	1	0.78125	48	TCRBV04-01*01	TCRBV04	TCRBV04-01	01				unresolved		unresolved		TCRBD01,TCRBD02	TCRBD01-01,TCRBD02-01		TCRBJ02-03*01	TCRBJ02	TCRBJ02-03	01				0	5	0	7	0	0	33	50	55	-1	60	1	In	VDJ							0.00
CCATCCCCAACCAGACAGCTCTTTACTTCTGTGCCACCAGTGCCCACCCGGGGACGCAAATACACAGATACGCAGTATTTTGGCCCA		1	0.78125	52	TCRBV24	TCRBV24	unresolved			TCRBV24-01,TCRBV24-or09_02		unresolved		unresolved		TCRBD01,TCRBD02	TCRBD01-01,TCRBD02-01		TCRBJ02-03*01	TCRBJ02	TCRBJ02-03	01				5	8	0	7	7	2	29	42	50	55	62	1	Out	VDJ							0.00
ATCCAGCGCACAGAGCAGGGGGACTCGGCCATGTATCTCTGTGCCAGCAGCCCTTCGGGGCCTAAAAACATTCAGTACTTCGGCGCC	CASSPSGPKNIQYF	1	0.78125	42	TCRBV07-09	TCRBV07	TCRBV07-09				01,03	unresolved		unresolved		TCRBD01,TCRBD02	TCRBD01-01,TCRBD02-01		TCRBJ02-04*01	TCRBJ02	TCRBJ02-04	01				5	5	7	0	2	4	39	51	56	61	63	1	In	VDJ							0.00
AGTGCTGGATCGACGAGAGCAGCGCTTCTACATCTGCAGTGCTCCACAGCGGTGTTTCGAAAGACCTATGGCTACACCTTCGGTTCG		1	0.78125	47	TCRBV20	TCRBV20	unresolved			TCRBV20-01,TCRBV20-or09_02		TCRBD02-01	TCRBD02	TCRBD02-01				01,02	TCRBJ01-02*01	TCRBJ01	TCRBJ01-02	01				5	4	6	5	13	4	34	43	47	52	65	1	Out	VDJ							0.00
GAGCTTGGTGACTCTGCTGTGTATTTCTGTGCCAGCAGCCAAGATCGAGAGTGCGGGAGAGCAACCTACGAGCAGTACTTCGGGCCG	CASSQDRECGRATYEQYF	1	0.78125	54	TCRBV03	TCRBV03	unresolved			TCRBV03-01,TCRBV03-02		TCRBD02-01*02	TCRBD02	TCRBD02-01	02				TCRBJ02-07*01	TCRBJ02	TCRBJ02-07	01				0	8	7	2	5	2	27	44	52	59	64	1	In	VDJ							0.00
AGTGCCCATCCTGAAGACAGCAGCTTCTACATCTGCAGCCTCCAGGGCTTAACTAGCGGGGACTCCTACGAGCAGTACTTCGGGCCG	CSLQGLTSGDSYEQYF	1	0.78125	48	TCRBV20	TCRBV20	unresolved			TCRBV20-01,TCRBV20-or09_02		TCRBD02-01*01	TCRBD02	TCRBD02-01	01				TCRBJ02-07*01	TCRBJ02	TCRBJ02-07	01				9	13	3	3	1	0	33	38	51	61	62	1	In	VDJ							0.00
TCGGCTGCTCCCTCCCAGACATCTGTGTACTTCTGTGCCAGCAGTACTCTAACTAGCGGGGAGAACAATGAGCAGTTCTTCGGGCCA	CASSTLTSGENNEQFF	1	0.78125	48	TCRBV06	TCRBV06	unresolved			TCRBV06-01,TCRBV06-05		TCRBD02-01*01	TCRBD02	TCRBD02-01	01				TCRBJ02-01*01	TCRBJ02	TCRBJ02-01	01				5	6	3	3	3	5	33	45	51	61	64	1	In	VDJ							0.00
AGTTCTAAGAAGCTCCTTCTCAGTGACTCTGGCTTCTATCTCTGTGCCGGCGAAGGACAGGGCAAAGAGACCCAGTACTTCGGGCCA	CAGEGQGKETQYF	1	0.78125	39	TCRBV30-01*01	TCRBV30	TCRBV30-01	01				TCRBD01-01*01	TCRBD01	TCRBD01-01	01				TCRBJ02-05*01	TCRBJ02	TCRBJ02-05	01				8	6	1	3	2	3	42	48	54	62	64	1	In	VDJ							0.00
AGAGCAGCGGGACTCAGCCATGTATCGCTGTGCCAGCAGCGTTGTTGTGTGCCACAAAGTCGGGCCAACGTCCTGACTTTCGGGGCC		1	0.78125	53	TCRBV07-07*01	TCRBV07	TCRBV07-07	01				TCRBD01-01*01	TCRBD01	TCRBD01-01	01				TCRBJ02-06*01	TCRBJ02	TCRBJ02-06	01				5	13	3	6	5	5	28	40	53	56	61	1	Out	VDJ							0.00
AGCTGGGGGACTCAGCCCTGTACTTCTGTGCCAGCAGACGGACGTGAGAGGCCTGAGTGAAAGACCTATGGCTACACCTTCGGTTCG		1	0.78125	55	TCRBV13-01*01	TCRBV13	TCRBV13-01	01				unresolved		unresolved		TCRBD01,TCRBD02	TCRBD01-01,TCRBD02-01		TCRBJ01-02*01	TCRBJ01	TCRBJ01-02	01				6	2	1	7	22	4	26	37	39	43	65	1	Out	VDJ							0.00
TGACTCTGCTGTGTATTTCTGTGCCAGCAGCCTTTATCTTCCCATTTTTGCCATTTTTGGCATCATCAGCCCCAGCATTTTGGTGAT		1	0.78125	62	TCRBV03	TCRBV03	unresolved			TCRBV03-01,TCRBV03-02		TCRBD01-01*01	TCRBD01	TCRBD01-01	01				TCRBJ01-05*01	TCRBJ01	TCRBJ01-05	01				4	26	9	0	3	5	19	32	58	61	64	1	Out	VDJ							0.00
TGGAGTCTGCTGCCTCCTCCCAGACATCTGTATATTTCTGCGCCAGCGTAAAAGGGACTAGCTGTCGAGACCCAGTACTTCGGGCCA		1	0.78125	43	TCRBV10-01	TCRBV10	TCRBV10-01				01,02	TCRBD02-01	TCRBD02	TCRBD02-01				01,02	TCRBJ02-05*01	TCRBJ02	TCRBJ02-05	01				8	6	0	7	4	5	38	47	53	62	66	1	Out	VDJ							0.00
CAGCGCACACAGCAGGAGGACTCCGCCGTGTATCTCTGTGCCAGCAGCTTAGAACTGTTGCAGGGCGGTGAGCAGTACTTCGGGCCG	CASSLELLQGGEQYF	1	0.78125	45	TCRBV07-08*01	TCRBV07	TCRBV07-08	01				TCRBD01-01*01	TCRBD01	TCRBD01-01	01				TCRBJ02-07*01	TCRBJ02	TCRBJ02-07	01				1	8	4	3	4	7	36	52	60	65	69	1	In	VDJ							0.00
TTCACATCAATTCCCTGGAGCTTGGTGACTCTGCTGTGTATTTCTGTGCCAGCAGTTTGGCATCATCAGCCCCAGCATTTTGGTGAT		1	0.78125	37	TCRBV03	TCRBV03	unresolved			TCRBV03-01,TCRBV03-02		TCRBD01-01*01	TCRBD01	TCRBD01-01	01				TCRBJ01-05*01	TCRBJ01	TCRBJ01-05	01				6	3	9	0	3	5	44	55	58	61	64	1	Out	VDJ							0.00
ATGTACTTCTGTGCCAGCAGTGTCGATTTTTACCGATACAAAGTCGGGCCAATACAAAGTCGGGCCAACGTCCTGACTTTCGGGGCC	CASSVDFYRYKVGPIQSRANVLTF	1	0.78125	72	TCRBV02-01*01	TCRBV02	TCRBV02-01	01				unresolved		unresolved		TCRBD01,TCRBD02	TCRBD01-01,TCRBD02-01		TCRBJ02-06*01	TCRBJ02	TCRBJ02-06	01				4	23	8	0	12	5	9	22	45	49	61	1	In	VDJ							0.00
TTGGAGTCGGCTGCTCCCTCCCAAACATCTGTGTACTTCTGTGCCAGCAGTTACGCCGGACAGGGGGCTGGCTACACCTTCGGTTCG	CASSYAGQGAGYTF	1	0.78125	42	TCRBV06	TCRBV06	unresolved			TCRBV06-02,TCRBV06-03		TCRBD01-01*01	TCRBD01	TCRBD01-01	01				TCRBJ01-02*01	TCRBJ01	TCRBJ01-02	01				2	3	1	0	0	7	39	54	57	-1	68	1	In	VDJ							0.00
CACAGAGCAGGGGGACTCGGCCATGTATCTCTGTGCCAGCAGCTACCTATGCCTGACAGTAGCAATCAGCCCCAGCATTTTGGTGAT		1	0.78125	50	TCRBV07-09	TCRBV07	TCRBV07-09				01,03	TCRBD01-01*01	TCRBD01	TCRBD01-01	01				TCRBJ01-05*01	TCRBJ01	TCRBJ01-05	01				4	10	2	5	0	0	31	44	54	-1	59	1	Out	VDJ							0.00
CTGGAGCTTGGTGACTCTGCTGTGTATTTCTGTGCCAGCAGCTACTGAGTTCCCTTCCATTCCGACAATGAGCAGTTCTTCGGGCCA	CASSY*VPFHSDNEQFF	1	0.78125	51	TCRBV03	TCRBV03	unresolved			TCRBV03-01,TCRBV03-02		TCRBD02-01	TCRBD02	TCRBD02-01				01,02	TCRBJ02-01*01	TCRBJ02	TCRBJ02-01	01				5	1	3	10	18	5	30	42	43	46	64	1	Stop	VDJ							0.00
CTGTCGGCTGCTCCCTCCCAGACATCTGTGTACTTCTGTGCCAGCAGTTACCGGGACAGGGGTGGAAACACCATATATTTTGGAGAG	CASSYRDRGGNTIYF	1	0.78125	45	TCRBV06-05*01	TCRBV06	TCRBV06-05	01				TCRBD01-01*01	TCRBD01	TCRBD01-01	01				TCRBJ01-03*01	TCRBJ01	TCRBJ01-03	01				2	1	0	2	0	3	36	51	52	-1	62	1	In	VDJ							0.00
TCTGCTGCCTCCTCCCAGACATCTGTATATTTCTGCGCCAGCAGTGGTGCAGCATCGCGAAAGACCTATGGCTACACCTTCGGTTCG	CASSGAASRKTYGYTF	1	0.78125	48	TCRBV10-01	TCRBV10	TCRBV10-01				01,02	unresolved		unresolved		TCRBD01,TCRBD02	TCRBD01-01,TCRBD02-01		TCRBJ01-02*01	TCRBJ01	TCRBJ01-02	01				4	16	2	7	0	4	33	46	62	-1	65	1	In	VDJ							0.00
GTCGGCTGCTCCCTCCCAGACATCTGTGTACTTCTGTGCCAGCAGTAGGATGCACAAAGTCGGGCCAACGTCCTGACTTTCGGGGCC		1	0.78125	47	TCRBV06	TCRBV06	unresolved			TCRBV06-01,TCRBV06-05		unresolved		unresolved		TCRBD01,TCRBD02	TCRBD01-01,TCRBD02-01		TCRBJ02-06*01	TCRBJ02	TCRBJ02-06	01				5	1	1	8	11	5	34	46	47	50	61	1	Out	VDJ							0.00
TCGGCTGCTCCCTCCCAGACATCTGTGTACTTCTGTGCCAGCAGTCGGTGGGGGGGAGGAAACGCCGGGGAGCTGTTTTTTGGAGAA	CASSRWGGGNAGELFF	1	0.78125	48	TCRBV06	TCRBV06	unresolved			TCRBV06-01,TCRBV06-05		TCRBD02-01*01	TCRBD02	TCRBD02-01	01				TCRBJ02-02*01	TCRBJ02	TCRBJ02-02	01				5	4	9	0	8	6	33	45	49	56	64	1	In	VDJ							0.00
CTGCCATCCCCAACCAGACAGCTCTTTACTTCTGTGCCACCAGTCACGGATATAGTACCAGAGACCTATGGCTACACCTTCGGTTCG		1	0.78125	49	TCRBV24	TCRBV24	unresolved			TCRBV24-01,TCRBV24-or09_02		unresolved		unresolved		TCRBD01,TCRBD02	TCRBD01-01,TCRBD02-01		TCRBJ01-02*01	TCRBJ01	TCRBJ01-02	01				6	3	1	8	15	4	32	44	47	50	65	1	Out	VDJ							0.00
TCAATTCCCTGGAGCTTGGTGACTCTGCTGTGTATTTCTGTGCCAGCAGCCGGTGATTTCCTGCAAGATACGCAGTATTTTGGCCCA		1	0.78125	43	TCRBV03	TCRBV03	unresolved			TCRBV03-01,TCRBV03-02		unresolved		unresolved		TCRBD01,TCRBD02	TCRBD01-01,TCRBD02-01		TCRBJ02-03*01	TCRBJ02	TCRBJ02-03	01				4	0	0	10	12	5	38	-1	51	53	65	1	Out	VDJ							0.00
ATCCTGAGTTCTAAGAAGCTCCTTCTCAGTGACTCTGGCTTCTATCTCTGTGCCTGGAGTGGGAGGGGCGAGCAGTACTTCGGGCCG	CAWSGRGEQYF	1	0.78125	33	TCRBV30-01*01	TCRBV30	TCRBV30-01	01				TCRBD02-01*02	TCRBD02	TCRBD02-01	02				TCRBJ02-07*01	TCRBJ02	TCRBJ02-07	01				1	0	10	0	1	6	48	-1	61	67	68	1	In	VDJ							0.00
ATCCTGGAGTCGCCCAGCCCCAACCAGACCTCTCTGTACTTCTGTGCCAGCAGTTTAGGGGATACCGGGGAGCTGTTTTTTGGAGAA	CASSLGDTGELFF	1	0.78125	39	TCRBV27-01*01	TCRBV27	TCRBV27-01	01				unresolved		unresolved		TCRBD01,TCRBD02	TCRBD01-01,TCRBD02-01		TCRBJ02-02*01	TCRBJ02	TCRBJ02-02	01				2	1	0	8	1	5	42	57	58	62	63	1	In	VDJ							0.00
GCTGTCGGCTGCTCCCTCCCAGACATCTGTGTACTTCTGTGCCAGCAGTCGGATCAGATCAACTAATGAAAAACTGTTTTTGGCAGT		1	0.78125	44	TCRBV06-05*01	TCRBV06	TCRBV06-05	01				TCRBD02-01	TCRBD02	TCRBD02-01				01,02	TCRBJ01-04*01	TCRBJ01	TCRBJ01-04	01				5	12	3	9	11	18	37	49	61	65	76	1	Out	VDJ							0.00
GCCTGCAAAGCTTGAGGACTCGGCCGTGTATCTCTGTGCCAGCAGCTTAGACTAGCGGGCTACACAGATACGCAGTATTTTGGCCCA		1	0.78125	47	TCRBV11-02*02	TCRBV11	TCRBV11-02	02				TCRBD02-01	TCRBD02	TCRBD02-01				01,02	TCRBJ02-03*01	TCRBJ02	TCRBJ02-03	01				0	0	4	4	3	2	34	-1	51	59	62	1	Out	VDJ							0.00
TCCGCTCACCAGGCCTGGGGGACGCAGCCATGTACCTGTGTGCCACCAGCAGGGCTCCCTGGCACAGATACGCAGTATTTTGGCCCA		1	0.78125	43	TCRBV15-01*01	TCRBV15	TCRBV15-01	01				TCRBD01-01*01	TCRBD01	TCRBD01-01	01				TCRBJ02-03*01	TCRBJ02	TCRBJ02-03	01				3	0	9	0	6	1	38	-1	52	55	61	1	Out	VDJ							0.00
AGGGGGACTCGGCCATGTATCTCTGTGCCAGCAGCTTCACCGGGACAAAGAGTACGATCGAACACCGGGGAGCTGTTTTTTGGAGAA		1	0.78125	58	TCRBV07-09	TCRBV07	TCRBV07-09				01,03	TCRBD01-01*01	TCRBD01	TCRBD01-01	01				TCRBJ02-02*01	TCRBJ02	TCRBJ02-02	01				3	4	0	6	11	0	23	37	41	47	58	1	Out	VDJ							0.00
CCCTGGAGCTTGGTGACTCTGCTGTATTTCTGTGCCAGCAGCAAATCGTATCCCATTTGTCATCAAGATACGCAGTATTTTGGCCCA		1	0.78125	49	TCRBV03	TCRBV03	unresolved			TCRBV03-01,TCRBV03-02		unresolved		unresolved		TCRBD01,TCRBD02	TCRBD01-01,TCRBD02-01		TCRBJ02-03*01	TCRBJ02	TCRBJ02-03	01				24	10	4	5	27	5	32	25	35	38	65	1	Out	VDJ							0.00
CACAGAGCAGCGGGACCCGGCCATGTATCGCTGTGCCAGCAGCTCGTCCTGTGAATCTCGAAGACCTATGGCTACACCTTCGGTTCG		1	0.78125	50	TCRBV07-06*01	TCRBV07	TCRBV07-06	01				unresolved		unresolved		TCRBD01,TCRBD02	TCRBD01-01,TCRBD02-01		TCRBJ01-02*01	TCRBJ01	TCRBJ01-02	01				4	18	2	7	0	4	31	44	62	-1	65	1	Out	VDJ							0.00
ATCCAGCGCACAGAGCAGGGGGACTCGGCCATGTATCTCTGTGCCAGCAGCCACTCCACCGGGACACGTGAAGCTTTCTTTGGACAA	CASSHSTGTREAFF	1	0.78125	42	TCRBV07-09	TCRBV07	TCRBV07-09				01,03	TCRBD01-01*01	TCRBD01	TCRBD01-01	01				TCRBJ01-01*01	TCRBJ01	TCRBJ01-01	01				5	9	0	6	2	7	39	51	60	66	68	1	In	VDJ							0.00
CTGCTGTCGGCTGCTCCCTCCCAGACATCTGTGTACTTCTGTGCCAGCGGTCCGGGACACCTGAACACTGAAGCTTTCTTTGGACAA	CASGPGHLNTEAFF	1	0.78125	42	TCRBV06-05*01	TCRBV06	TCRBV06-05	01				TCRBD01-01*01	TCRBD01	TCRBD01-01	01				TCRBJ01-01*01	TCRBJ01	TCRBJ01-01	01				8	5	0	6	2	0	39	48	53	59	61	1	In	VDJ							0.00
CACGGAGTCAGGGGACACAGCACTGTATTTCTGTGCCAGCAGCCAGACTGTATACAGCAAAGAAAAAACATTCAGTACTTCGGCGCC		1	0.78125	50	TCRBV21-01*01	TCRBV21	TCRBV21-01	01				unresolved		unresolved		TCRBD01,TCRBD02	TCRBD01-01,TCRBD02-01		TCRBJ02-04*01	TCRBJ02	TCRBJ02-04	01				5	10	3	5	6	4	31	43	53	57	63	1	Out	VDJ							0.00
CTGATTCTGGAGTCCGCCAGCACCAACCAGACATCTATGTACCTCTGTGCCATCCCGGGACATCTCTATGGCTACACCTTCGGTTCG	CAIPGHLYGYTF	1	0.78125	36	TCRBV28-01*01	TCRBV28	TCRBV28-01	01				TCRBD01-01*01	TCRBD01	TCRBD01-01	01				TCRBJ01-02*01	TCRBJ01	TCRBJ01-02	01				10	4	0	6	3	4	45	52	56	62	65	1	In	VDJ							0.00
CATGGAACCCAGGGACTTGGGCCTATATTTCTGTGCCAGCAGCCAACTCTAGGACAAAGTCGGGCCAACGTCCTGACTTTCGGGGCC		1	0.78125	50	TCRBV12-01*01	TCRBV12	TCRBV12-01	01				TCRBD01-01*01	TCRBD01	TCRBD01-01	01				TCRBJ02-06*01	TCRBJ02	TCRBJ02-06	01				5	8	1	6	5	5	31	43	51	56	61	1	Out	VDJ							0.00
CTGAAGATCCAGCCCTCAGAACCCAGGGACTCAGCTGTGTACTTCTGTGCCAGCAGCAGGGGCGCAGATACGCAGTATTTTGGCCCA	CASSRGADTQYF	1	0.78125	36	TCRBV12	TCRBV12	unresolved			TCRBV12-03,TCRBV12-04		TCRBD01-01*01	TCRBD01	TCRBD01-01	01				TCRBJ02-03*01	TCRBJ02	TCRBJ02-03	01				6	0	4	2	2	4	45	-1	56	62	64	1	In	VDJ							0.00
ACAGAGCAAGGGCGACTCGGCTGTGTATCTCTGTGCCAGAAATCCAAGGGTACAGGGGCTAGCACAGATACGCAGTATTTTGGCCCA		1	0.78125	50	TCRBV07-05*01	TCRBV07	TCRBV07-05	01				TCRBD01-01*01	TCRBD01	TCRBD01-01	01				TCRBJ02-03*01	TCRBJ02	TCRBJ02-03	01				6	10	3	2	2	0	31	41	51	58	60	1	Out	VDJ							0.00
CAGCCCTCAGAACCCAGGGACTCAGCTGTGTACTTCTGTGCCAGCAGTTCCCAGGGACAGGGTAGCGACGAGCAGTACTTCGGGCCG	CASSSQGQGSDEQYF	1	0.78125	45	TCRBV12	TCRBV12	unresolved			TCRBV12-03,TCRBV12-04		TCRBD01-01*01	TCRBD01	TCRBD01-01	01				TCRBJ02-07*01	TCRBJ02	TCRBJ02-07	01				4	4	0	3	5	5	36	49	53	62	67	1	In	VDJ							0.00
TCAATTCCCTGGAGCTTGGTGACTCTGCTGTGTATTTCTGTGCCAGCAGCACATTGGGGGGCGCAGGATGGCTACACCTTCGGTTCG		1	0.78125	43	TCRBV03	TCRBV03	unresolved			TCRBV03-01,TCRBV03-02		unresolved		unresolved		TCRBD01,TCRBD02	TCRBD01-01,TCRBD02-01		TCRBJ01-02*01	TCRBJ01	TCRBJ01-02	01				5	6	6	0	5	6	38	50	56	62	67	1	Out	VDJ							0.00
ACATCGGCCCAAAAGAACCCGACAGCTTTCTATCTCTGTGCCAGCGCGGACAGGGCTAACGGGGCCGGGACGCAGTATTTTGGCCCA	CASADRANGAGTQYF	1	0.78125	45	TCRBV19-01	TCRBV19	TCRBV19-01				01,02	TCRBD01-01*01	TCRBD01	TCRBD01-01	01				TCRBJ02-03*01	TCRBJ02	TCRBJ02-03	01				9	3	1	3	14	9	36	44	47	55	69	1	In	VDJ							0.00
AGAACCGGGAGACACGGCACTGTATCTCTGCGCCAGCAGTGTACAGTTACGCAACAAAGTCGGGCCAACGTCCTGACTTTCGGGGCC		1	0.78125	53	TCRBV23-01*01	TCRBV23	TCRBV23-01	01				TCRBD01-01*01	TCRBD01	TCRBD01-01	01				TCRBJ02-06*01	TCRBJ02	TCRBJ02-06	01				5	2	3	5	15	5	28	40	42	46	61	1	Out	VDJ							0.00
GCCTGGCAATCCTGTCCTCAGAACCGGGAGACACGGCACTGTATCTCTGCGCCAACAAACAGCTGGACGACCATATATTTTGGAGAG		1	0.78125	34	TCRBV23-01*01	TCRBV23	TCRBV23-01	01				unresolved		unresolved		TCRBD01,TCRBD02	TCRBD01-01,TCRBD02-01		TCRBJ01-03*01	TCRBJ01	TCRBJ01-03	01				10	10	1	7	1	10	47	54	64	68	69	1	Out	VDJ							0.00
CGCTCACCAGGCCTGGGGGACGCAGCCATGTACCTGTGTGCCACCAGCAGGGACAAAGGCTTCACAGATACGCAGTATTTTGGCCCA	CATSRDKGFTDTQYF	1	0.78125	45	TCRBV15-01*01	TCRBV15	TCRBV15-01	01				TCRBD01-01*01	TCRBD01	TCRBD01-01	01				TCRBJ02-03*01	TCRBJ02	TCRBJ02-03	01				3	0	1	6	7	2	36	-1	50	55	62	1	In	VDJ							0.00
GAGTCGCCCAGCCCCAACCAGACCTCTCTGTACTTCTGTGCCAGCAGAGGACAGGGCGGAGTGTACTACGAGCAGTACTTCGGGCCG	CASRGQGGVYYEQYF	1	0.78125	45	TCRBV27-01*01	TCRBV27	TCRBV27-01	01				TCRBD01-01*01	TCRBD01	TCRBD01-01	01				TCRBJ02-07*01	TCRBJ02	TCRBJ02-07	01				6	1	1	3	9	3	36	47	48	56	65	1	In	VDJ							0.00
TCTGAGCTGAATGTGAACGCCTTGTTGCTGGGGGACTCGGCCCTCTATCTCTGTGCCAGCGGGAACAATGAGCAGTTCTTCGGGCCA	CASGNNEQFF	1	0.78125	30	TCRBV05-06*01	TCRBV05	TCRBV05-06	01				unresolved		unresolved		TCRBD01,TCRBD02	TCRBD01-01,TCRBD02-01		TCRBJ02-01*01	TCRBJ02	TCRBJ02-01	01				7	0	0	8	0	5	51	-1	60	-1	64	1	In	VDJ							0.00
ATCCAGCCCTCAGAACCCAGGGACTCAGCTGTGTACTTCTGTGCCAGCAGGTTAGAGGGGGCTGGAAACACCATATATTTTGGAGAG	CASRLEGAGNTIYF	1	0.78125	42	TCRBV12	TCRBV12	unresolved			TCRBV12-03,TCRBV12-04		TCRBD01-01*01	TCRBD01	TCRBD01-01	01				TCRBJ01-03*01	TCRBJ01	TCRBJ01-03	01				1	0	5	1	0	2	39	-1	55	-1	61	1	In	VDJ							0.00
GCTGGGGGACTCAGCCCTGTACTTCTGTGCCAGCAAGGTGATTCCAGAAGGCGTGAGTGAAAGACCTATGGCTACACCTTCGGTTCG		1	0.78125	56	TCRBV13-01*01	TCRBV13	TCRBV13-01	01				unresolved		unresolved		TCRBD01,TCRBD02	TCRBD01-01,TCRBD02-01		TCRBJ01-02*01	TCRBJ01	TCRBJ01-02	01				7	27	2	7	0	4	25	35	62	-1	65	1	Out	VDJ							0.00
AGTCCACGGAGTCAGGGGACACAGCACTGTATTTCTGTGCCAGCAGCGCTACACATACATCATAATTCACCCCTCCACTTTGGGAAC		1	0.78125	46	TCRBV21-01*01	TCRBV21	TCRBV21-01	01				unresolved		unresolved		TCRBD01,TCRBD02	TCRBD01-01,TCRBD02-01		TCRBJ01-06*01	TCRBJ01	TCRBJ01-06	01				5	3	3	6	8	5	35	47	50	53	61	1	Out	VDJ							0.00
AAGCTCCTTCTCAGTGACTCTGGCTTCTATCTCTGTGCCTGGAGTGACGGAGTTGACAGGGACAATGAAAAACTGTTTTTTGGCAGT	CAWSDGVDRDNEKLFF	1	0.78125	48	TCRBV30-01*01	TCRBV30	TCRBV30-01	01				TCRBD01-01*01	TCRBD01	TCRBD01-01	01				TCRBJ01-04*01	TCRBJ01	TCRBJ01-04	01				1	8	2	3	2	5	33	46	54	61	63	1	In	VDJ							0.00
GACATCGGCCCAAAAGAACCCGACAGCTTTCTATCTCTGTGCCACCCGAAGTAGGGAGTTAATCTGTATGGCTACACCTTCGGTTCG		1	0.78125	44	TCRBV19-01	TCRBV19	TCRBV19-01				01,02	TCRBD02-01*02	TCRBD02	TCRBD02-01	02				TCRBJ01-02*01	TCRBJ01	TCRBJ01-02	01				10	9	9	2	8	5	37	44	53	58	66	1	Out	VDJ							0.00
CTGGAGCTTGGTGACTCTGCTGTGTATTTCTGTGCCAGCAGCCTTTAGATTCCCATCCATTCCGACAATGAGCAGTTCTTCGGGCCA	CASSL*IPIHSDNEQFF	1	0.78125	51	TCRBV03	TCRBV03	unresolved			TCRBV03-01,TCRBV03-02		TCRBD02-01	TCRBD02	TCRBD02-01				01,02	TCRBJ02-01*01	TCRBJ02	TCRBJ02-01	01				4	2	5	8	16	5	30	43	45	48	64	1	Stop	VDJ							0.00
ATGAGCCCTGAAGACAGCAGCATATATCTCTGCAGCGTTGAACGCGGGGGAACCGGGACAGGGCTGAGTGAAGCTTTCTTTGGACAA	CSVERGGTGTGLSEAFF	1	0.78125	51	TCRBV29-01*01	TCRBV29	TCRBV29-01	01				TCRBD01-01*01	TCRBD01	TCRBD01-01	01				TCRBJ01-01*01	TCRBJ01	TCRBJ01-01	01				2	12	0	3	5	7	30	42	54	63	68	1	In	VDJ							0.00
ACATCGGCCCAAAAGAACCCGACAGCTTTCTATCTCTGTGCCAGTAGTACGACAGGGGGGGCCTACAATGAGCAGTTCTTCGGGCCA	CASSTTGGAYNEQFF	1	0.78125	45	TCRBV19-01	TCRBV19	TCRBV19-01				01,02	TCRBD01-01*01	TCRBD01	TCRBD01-01	01				TCRBJ02-01*01	TCRBJ02	TCRBJ02-01	01				4	1	2	1	2	2	36	49	50	59	61	1	In	VDJ							0.00
TCAGAACCCAGGGACTCAGCTGTGTACTTCTGTGCCAGCAGTCAATAAAGCAGACAAAGTCGGGCCAACGTCCTGACTTTCGGGGCC	CASSQ*SRQSRANVLTF	1	0.78125	51	TCRBV12	TCRBV12	unresolved			TCRBV12-03,TCRBV12-04		TCRBD01-01*01	TCRBD01	TCRBD01-01	01				TCRBJ02-06*01	TCRBJ02	TCRBJ02-06	01				5	10	2	6	5	5	30	42	52	56	61	1	Stop	VDJ							0.00
TCCCTGGAGCTTGGTGACTCTGCTGTGTATTTCTGTGCCAGCAGCTTTTACCGTCCTTTCGTGTTAGACGAGCAGTACTTCGGGCCG	CASSFYRPFVLDEQYF	1	0.78125	48	TCRBV03	TCRBV03	unresolved			TCRBV03-01,TCRBV03-02		TCRBD02-01	TCRBD02	TCRBD02-01				01,02	TCRBJ02-07*01	TCRBJ02	TCRBJ02-07	01				5	19	5	8	0	5	33	45	64	-1	67	1	In	VDJ							0.00
GGAGCTGGGGGACTCAGCCCTGTACTTCTGTGCCAGCAGATTATAGCAAAGCATGAGTGAAAGACCTATGGCTACACCTTCGGTTCG		1	0.78125	53	TCRBV13-01*01	TCRBV13	TCRBV13-01	01				TCRBD02-01	TCRBD02	TCRBD02-01				01,02	TCRBJ01-02*01	TCRBJ01	TCRBJ01-02	01				2	0	5	7	18	4	28	-1	43	47	65	1	Out	VDJ							0.00
CAGCCCTCAGAACCCAGGGACTCAGCTGTGTACTTCTGTGCCAGCAGTTTAGGAGCTCAGGGTCCCTATGGCTACACCTTCGGTTCG	CASSLGAQGPYGYTF	1	0.78125	45	TCRBV12	TCRBV12	unresolved			TCRBV12-03,TCRBV12-04		TCRBD01-01*01	TCRBD01	TCRBD01-01	01				TCRBJ01-02*01	TCRBJ01	TCRBJ01-02	01				1	5	4	3	3	4	36	52	57	62	65	1	In	VDJ							0.00
TGCAGCAAGAAGACTCAGCTGCGTATCTCTGCACCAGCAGTTGAGACGGTTTGTGCACATCGGGCCAACGTCCTGACTTTCGGGGCC		1	0.78125	52	TCRBV01-01*01	TCRBV01	TCRBV01-01	01				unresolved		unresolved		TCRBD01,TCRBD02	TCRBD01-01,TCRBD02-01		TCRBJ02-06*01	TCRBJ02	TCRBJ02-06	01				6	4	2	7	14	5	29	40	44	47	61	1	Out	VDJ							0.00
CTGTCGGCTGCTCCCTCCCAGACATCTGTGTACTTCTGTGCCAGCAGTTACGAGTACAGCATGAACACTGAAGCTTTCTTTGGACAA	CASSYEYSMNTEAFF	1	0.78125	45	TCRBV06-05*01	TCRBV06	TCRBV06-05	01				TCRBD01-01*01	TCRBD01	TCRBD01-01	01				TCRBJ01-01*01	TCRBJ01	TCRBJ01-01	01				2	4	3	5	2	0	36	51	55	59	61	1	In	VDJ							0.00
CTACACACCCTGCAGCCAGAAGACTCGGCCCTGTATCTCTGTGCCAGCAGCTGTGGTTGAAAGACCTATGGCTACACCTTCGGTTCG	CASSCG*KTYGYTF	1	0.78125	42	TCRBV04-02*01	TCRBV04	TCRBV04-02	01				unresolved		unresolved		TCRBD01,TCRBD02	TCRBD01-01,TCRBD02-01		TCRBJ01-02*01	TCRBJ01	TCRBJ01-02	01				5	11	2	7	0	4	39	51	62	-1	65	1	Stop	VDJ							0.00
AAGCTGGAGGACTCAGCCATGTACTTCTGTGCCAGCAGTGGCTCGTCTAGCGGGGGGATAAGGGCCGGGGAGCTGTTTTTTGGAGAA	CASSGSSSGGIRAGELFF	1	0.78125	54	TCRBV02-01*01	TCRBV02	TCRBV02-01	01				TCRBD02-01*01	TCRBD02	TCRBD02-01	01				TCRBJ02-02*01	TCRBJ02	TCRBJ02-02	01				4	6	4	1	7	6	27	40	46	57	64	1	In	VDJ							0.00
GAGCTGGGGGACTCAGCCCTGTACTTCTGTGCCAGCAGAAGGTGACGAAGGCCTGAGTGAAAGACCTATGGCTACACCTTCGGTTCG	CASRR*RRPE*KTYGYTF	1	0.78125	54	TCRBV13-01*01	TCRBV13	TCRBV13-01	01				unresolved		unresolved		TCRBD01,TCRBD02	TCRBD01-01,TCRBD02-01		TCRBJ01-02*01	TCRBJ01	TCRBJ01-02	01				6	5	2	7	19	4	27	38	43	46	65	1	Stop	VDJ							0.00
CATCAATTCCCTGGAGCTTGGTGACTCTGCTGTGTATTTCTGTGCCAGCAGCACGGAGGGTCACGAAACACCATATATTTTGGAGAG		1	0.78125	41	TCRBV03	TCRBV03	unresolved			TCRBV03-01,TCRBV03-02		TCRBD02-01*02	TCRBD02	TCRBD02-01	02				TCRBJ01-03*01	TCRBJ01	TCRBJ01-03	01				5	2	10	0	4	5	40	52	54	60	64	1	Out	VDJ							0.00
CTGTCGGCTGCTCCCTCCCAGACATCTGTGTACTTCTGTGCCAGCAGTCGGATCAGATCAACTAATGAAAAACTGTTTTTTGGCAGT	CASSRIRSTNEKLFF	1	0.78125	45	TCRBV06-05*01	TCRBV06	TCRBV06-05	01				unresolved		unresolved		TCRBD01,TCRBD02	TCRBD01-01,TCRBD02-01		TCRBJ01-04*01	TCRBJ01	TCRBJ01-04	01				5	1	1	8	6	0	36	48	49	52	58	1	In	VDJ							0.00
CCAGCCTGCAAAGCTTGAGGACTCGGCCGTGTATCTCTGTGCCAGCAGCAGCAACAAAGTCGGGCCAACGTCCTGACTTTCGGGGCC		1	0.78125	44	TCRBV11-02*02	TCRBV11	TCRBV11-02	02				unresolved		unresolved		TCRBD01,TCRBD02	TCRBD01-01,TCRBD02-01		TCRBJ02-06*01	TCRBJ02	TCRBJ02-06	01				5	4	3	6	5	5	37	49	53	56	61	1	Out	VDJ							0.00
CTGCTCCCTCCCAGACATCTGTATACTTCTGTGCCAGCAGTCGAGAACCTACGACAAAGTCGGGCCAACGTCCTGACTTTCGGGGCC		1	0.78125	52	TCRBV06-09*01	TCRBV06	TCRBV06-09	01				TCRBD01-01*01	TCRBD01	TCRBD01-01	01				TCRBJ02-06*01	TCRBJ02	TCRBJ02-06	01				5	11	2	6	5	5	29	41	52	56	61	1	Out	VDJ							0.00
GCTGGGGGACTCAGCCCTGTACTTCTGTGCCAGCAAGACAAATCCGTAAGGCCTGAGTGAAAGACCTATGGCTACACCTTCGGTTCG		1	0.78125	56	TCRBV13-01*01	TCRBV13	TCRBV13-01	01				TCRBD01-01*01	TCRBD01	TCRBD01-01	01				TCRBJ01-02*01	TCRBJ01	TCRBJ01-02	01				7	1	2	6	25	4	25	35	36	40	65	1	Out	VDJ							0.00
CTGGAGCTTGGTGATCTGCTGTGTATTTCTGTGCCAGCAGCAACAAATATCCCATTTACCGCACGAAACACCATATATTTTGGAGAG		1	0.78125	52	TCRBV03	TCRBV03	unresolved			TCRBV03-01,TCRBV03-02		TCRBD01-01*01	TCRBD01	TCRBD01-01	01				TCRBJ01-03*01	TCRBJ01	TCRBJ01-03	01				5	1	3	6	19	5	29	41	42	45	64	1	Out	VDJ							0.00
GCTGGGGGACTCAGCCCTGTACTTCTGTGCCAGCACGAAGGGCACGGCAGGTCTGAGTGAAAGACCTATGGCTACACCTTCGGTTCG		1	0.78125	56	TCRBV13-01*01	TCRBV13	TCRBV13-01	01				unresolved		unresolved		TCRBD01,TCRBD02	TCRBD01-01,TCRBD02-01		TCRBJ01-02*01	TCRBJ01	TCRBJ01-02	01				7	12	4	4	14	4	25	35	47	51	65	1	Out	VDJ							0.00
AAGATCCAGCCCTCAGAACCCAGGGACTCAGCTGTGTACTTCTGTGCCAGCAGCTTAGCCCCCAATCAGCCCCAGCATTTTGGTGAT	CASSLAPNQPQHF	1	0.78125	39	TCRBV12	TCRBV12	unresolved			TCRBV12-03,TCRBV12-04		unresolved		unresolved					TCRBJ01-05*01	TCRBJ01	TCRBJ01-05	01				0	0	0	0	3	3	42	-1	-1	59	62	1	In	VJ							0.00
CAGCTGCTCCCTCTCAGACTTCTGTTTACTTCTGTGCCAGCAGTATCTAGCGGCGTATTTGAAAGCTATGGCTACACCTTCGGTTCG		1	0.78125	49	TCRBV06-07*01	TCRBV06	TCRBV06-07	01				TCRBD02-01	TCRBD02	TCRBD02-01				01,02	TCRBJ01-02*01	TCRBJ01	TCRBJ01-02	01				5	2	4	5	12	4	32	44	46	53	65	1	Out	VDJ							0.00
CTGTCGGCTGCTCCCTCCCAGACATCTGTGTACTTCTGTGCCAGCAACTCTCCCGGGCAGGGAGTAGGGTACTACACCTTCGGTTCG	CASNSPGQGVGYYTF	1	0.78125	45	TCRBV06-05*01	TCRBV06	TCRBV06-05	01				unresolved		unresolved		TCRBD01,TCRBD02	TCRBD01-01,TCRBD02-01		TCRBJ01-02*01	TCRBJ01	TCRBJ01-02	01				7	11	4	3	9	10	36	46	57	62	71	1	In	VDJ							0.00
AGCAACATGAGCCCTGAAGACAGCAGCATATATCTCTGCAGCTATTAACAGGGGGCCAGTCTTTGTCATCAGCAGTACTTCGGGCCG	CSY*QGASLCHQQYF	1	0.78125	45	TCRBV29-01*01	TCRBV29	TCRBV29-01	01				TCRBD01-01*01	TCRBD01	TCRBD01-01	01				TCRBJ02-07*01	TCRBJ02	TCRBJ02-07	01				8	5	3	0	14	8	36	42	47	56	70	1	Stop	VDJ							0.00
ACTGTGAGCAACATGAGCCCTGAAGACAGCAGCATATATCTCTGCAGCGTTATTTCAACAGGTCCGAACGAGCAGTACTTCGGGCCG	CSVISTGPNEQYF	1	0.78125	39	TCRBV29-01*01	TCRBV29	TCRBV29-01	01				TCRBD01-01*01	TCRBD01	TCRBD01-01	01				TCRBJ02-07*01	TCRBJ02	TCRBJ02-07	01				5	6	3	4	5	5	42	51	57	62	67	1	In	VDJ							0.00
